cond,w,seed,step,ret,success
C,0.1,0,16384,-1.0281988382339478,0.0
C,0.1,0,32768,-1.0712003166025335,0.0
C,0.1,0,49152,-1.1252887050310771,0.0
C,0.1,0,65536,-1.214215503705965,0.0
C,0.1,0,81920,-1.2941632711887359,0.0
C,0.1,0,98304,-1.362016361951828,0.0
C,0.1,0,114688,-1.3768481427431107,0.0
C,0.1,0,131072,-1.3708493936061859,0.0
C,0.1,0,147456,-1.3478429681062698,0.0
C,0.1,0,163840,-0.4244475722312927,0.445
C,0.1,0,180224,-0.6209592108428478,0.345
C,0.1,0,196608,-0.8573693613708019,0.24
C,0.1,0,212992,-1.0330746220052243,0.155
C,0.1,0,229376,-0.8352155184745789,0.235
C,0.1,0,245760,-0.8238619829714299,0.23
C,0.1,0,262144,-0.8003096450865269,0.25
C,0.1,0,278528,-0.8069249171018601,0.25
C,0.1,0,294912,-0.8365294471383095,0.22
C,0.1,0,311296,-0.6635795328021049,0.3
C,0.1,0,327680,-0.5735815650224686,0.365
C,0.1,0,344064,-0.49265975594520567,0.405
C,0.1,0,360448,-0.6477633121609688,0.31
C,0.1,0,376832,-0.5499524182081222,0.35
C,0.1,0,393216,-0.45230031579732893,0.41
C,0.1,0,409600,-0.42639896392822263,0.425
C,0.1,0,425984,-0.5571652720868587,0.36
C,0.1,0,442368,-0.5582804691791534,0.365
C,0.1,0,458752,-0.6631794239580632,0.305
C,0.1,0,475136,-0.4885747653245926,0.385
C,0.1,0,491520,-0.4742338313162327,0.385
C,0.1,0,507904,-0.48998048052191734,0.385
C,0.1,0,524288,-0.5387282527983188,0.365
C,0.1,0,540672,-0.46629512578248977,0.4
C,0.1,0,557056,-0.436986962556839,0.415
C,0.1,0,573440,-0.37031321227550507,0.45
C,0.1,0,589824,-0.4355391602218151,0.425
C,0.1,0,606208,-0.48008582353591917,0.4
C,0.1,0,622592,-0.4746063336730003,0.4
C,0.1,0,638976,-0.4240486711263657,0.425
C,0.1,0,655360,-0.5115456408262253,0.385
C,0.1,0,671744,-0.4597445698082447,0.415
C,0.1,0,688128,-0.42881748989224433,0.42
C,0.1,0,704512,-0.357224935144186,0.46
C,0.1,0,720896,-0.4638433237373829,0.415
C,0.1,0,737280,-0.49699074879288674,0.405
C,0.1,0,753664,-0.5087894785404206,0.395
C,0.1,0,770048,-0.4705533288419247,0.415
C,0.1,0,786432,-0.35376895755529403,0.47
C,0.1,0,802816,-0.3453122441470623,0.475
C,0.1,0,819200,-0.3855306865274906,0.445
C,0.1,0,835584,-0.517729182690382,0.375
C,0.1,0,851968,-0.5547926729917526,0.345
C,0.1,0,868352,-0.5191156969964504,0.355
C,0.1,0,884736,-0.4207497951388359,0.42
C,0.1,0,901120,-0.3745093764364719,0.455
C,0.1,0,917504,-0.4154880066215992,0.435
C,0.1,0,933888,-0.38944885447621347,0.425
C,0.1,0,950272,-0.4035792756080627,0.405
C,0.1,0,966656,-0.4212317036092281,0.4
C,0.1,0,983040,-0.39220640614628793,0.435
C,0.1,0,999424,-0.3657905891537666,0.455
C,0.1,0,1015808,-0.258083381652832,0.515
C,0.1,0,1032192,-0.31738791197538374,0.475
C,0.1,0,1048576,-0.34124439597129824,0.46
C,0.1,0,1064960,-0.3528181952238083,0.455
C,0.1,0,1081344,-0.4029287904500961,0.42
C,0.1,0,1097728,-0.401924197524786,0.43
C,0.1,0,1114112,-0.43154055282473563,0.42
C,0.1,0,1130496,-0.3541631561517715,0.47
C,0.1,0,1146880,-0.40660550341010093,0.435
C,0.1,0,1163264,-0.40105215400457384,0.435
C,0.1,0,1179648,-0.41005610704421996,0.425
C,0.1,0,1196032,-0.3749144299328327,0.445
C,0.1,0,1212416,-0.4008175279200077,0.42
C,0.1,0,1228800,-0.4120134820044041,0.415
C,0.1,0,1245184,-0.36183155357837676,0.455
C,0.1,0,1261568,-0.319872594922781,0.49
C,0.1,0,1277952,-0.3548447008430958,0.485
C,0.1,0,1294336,-0.36721192121505736,0.465
C,0.1,0,1310720,-0.37388553097844124,0.455
C,0.1,0,1327104,-0.3642898032069206,0.45
C,0.1,0,1343488,-0.3482805222272873,0.46
C,0.1,0,1359872,-0.3550636844336987,0.46
C,0.1,0,1376256,-0.41962699726223945,0.43
C,0.1,0,1392640,-0.45630728542804716,0.405
C,0.1,0,1409024,-0.4377819859981537,0.415
C,0.1,0,1425408,-0.38795037239789965,0.44
C,0.1,0,1441792,-0.386083659529686,0.425
C,0.1,0,1458176,-0.4394130133092403,0.395
C,0.1,0,1474560,-0.3516768765449524,0.445
C,0.1,0,1490944,-0.35049268648028375,0.45
C,0.1,0,1507328,-0.2982455235719681,0.49
C,0.1,0,1523712,-0.3577292896807194,0.45
C,0.1,0,1540096,-0.2916271214187145,0.485
C,0.1,0,1556480,-0.31377523481845854,0.475
C,0.1,0,1572864,-0.3760648134350777,0.445
C,0.1,0,1589248,-0.46463288575410844,0.395
C,0.1,0,1605632,-0.4049167343974113,0.425
C,0.1,0,1622016,-0.3322610867023468,0.475
C,0.1,0,1638400,-0.3362908113002777,0.48
C,0.1,0,1654784,-0.37396742329001426,0.46
C,0.1,0,1671168,-0.42186418682336807,0.425
C,0.1,0,1687552,-0.2848141498863697,0.495
C,0.1,0,1703936,-0.30015717893838884,0.495
C,0.1,0,1720320,-0.2979210077226162,0.495
C,0.1,0,1736704,-0.32490650728344916,0.475
C,0.1,0,1753088,-0.31086015194654465,0.475
C,0.1,0,1769472,-0.37278177082538605,0.435
C,0.1,0,1785856,-0.37904163300991056,0.45
C,0.1,0,1802240,-0.4262576691806316,0.425
C,0.1,0,1818624,-0.42055243089795113,0.43
C,0.1,0,1835008,-0.43612255483865736,0.42
C,0.1,0,1851392,-0.365605279058218,0.455
C,0.1,0,1867776,-0.4079588666558266,0.43
C,0.1,0,1884160,-0.37213624984025956,0.44
C,0.1,0,1900544,-0.388574626147747,0.425
C,0.1,0,1916928,-0.4093391691148281,0.4
C,0.1,0,1933312,-0.4327947361767292,0.4
C,0.1,0,1949696,-0.43392499923706057,0.405
C,0.1,0,1966080,-0.3901550199091435,0.44
C,0.1,0,1982464,-0.38986352443695066,0.44
C,0.1,0,1998848,-0.39314840465784073,0.425
C,0.1,1,16384,-1.0447587966918945,0.0
C,0.1,1,32768,-1.079031777381897,0.0
C,0.1,1,49152,-1.1378285456926396,0.0
C,0.1,1,65536,-1.228007030837676,0.0
C,0.1,1,81920,-1.295474712252617,0.0
C,0.1,1,98304,-1.338793439269066,0.0
C,0.1,1,114688,-1.372033285498619,0.0
C,0.1,1,131072,-1.3731247878074646,0.0
C,0.1,1,147456,-1.3531772249937057,0.0
C,0.1,1,163840,-0.23937227740883826,0.57
C,0.1,1,180224,-0.49061388716101645,0.44
C,0.1,1,196608,-0.793456054776907,0.28
C,0.1,1,212992,-1.0889489826560022,0.115
C,0.1,1,229376,-0.7934150570631027,0.245
C,0.1,1,245760,-0.7687104165554046,0.26
C,0.1,1,262144,-0.7482454031705856,0.27
C,0.1,1,278528,-0.7826941874623299,0.255
C,0.1,1,294912,-0.7807843996584416,0.25
C,0.1,1,311296,-0.49705502718687056,0.38
C,0.1,1,327680,-0.5294244092702866,0.37
C,0.1,1,344064,-0.4968309089541435,0.385
C,0.1,1,360448,-0.7533759732544422,0.245
C,0.1,1,376832,-0.6600436493754387,0.28
C,0.1,1,393216,-0.556206416785717,0.335
C,0.1,1,409600,-0.47313832730054856,0.395
C,0.1,1,425984,-0.554054850190878,0.355
C,0.1,1,442368,-0.527053060233593,0.37
C,0.1,1,458752,-0.5482276655733586,0.355
C,0.1,1,475136,-0.42815708100795746,0.415
C,0.1,1,491520,-0.4337852023541927,0.415
C,0.1,1,507904,-0.5544119793176651,0.355
C,0.1,1,524288,-0.5753387711942196,0.34
C,0.1,1,540672,-0.4879221552610397,0.38
C,0.1,1,557056,-0.38633338168263437,0.44
C,0.1,1,573440,-0.37221657156944277,0.45
C,0.1,1,589824,-0.3951452688872814,0.44
C,0.1,1,606208,-0.4334440313279629,0.42
C,0.1,1,622592,-0.32415308475494387,0.485
C,0.1,1,638976,-0.2989518021047115,0.495
C,0.1,1,655360,-0.4102712285518646,0.43
C,0.1,1,671744,-0.441851364672184,0.41
C,0.1,1,688128,-0.43911256939172744,0.405
C,0.1,1,704512,-0.34910381093621257,0.43
C,0.1,1,720896,-0.4166752055287361,0.41
C,0.1,1,737280,-0.41621052846312523,0.425
C,0.1,1,753664,-0.4410383589565754,0.41
C,0.1,1,770048,-0.44602024510502813,0.405
C,0.1,1,786432,-0.41692967727780345,0.425
C,0.1,1,802816,-0.4396546144783497,0.415
C,0.1,1,819200,-0.4627535888552666,0.395
C,0.1,1,835584,-0.4599395626783371,0.39
C,0.1,1,851968,-0.46133601531386376,0.395
C,0.1,1,868352,-0.42377824023365973,0.425
C,0.1,1,884736,-0.43503931909799576,0.43
C,0.1,1,901120,-0.3998712228238583,0.45
C,0.1,1,917504,-0.41607255533337595,0.43
C,0.1,1,933888,-0.4267596234381199,0.415
C,0.1,1,950272,-0.4489903324842453,0.395
C,0.1,1,966656,-0.44437282338738443,0.405
C,0.1,1,983040,-0.3962372887134552,0.44
C,0.1,1,999424,-0.3937289468944073,0.44
C,0.1,1,1015808,-0.3720815968513489,0.45
C,0.1,1,1032192,-0.38085620298981665,0.425
C,0.1,1,1048576,-0.3221586085855961,0.455
C,0.1,1,1064960,-0.3490177208185196,0.44
C,0.1,1,1081344,-0.39040388032794,0.435
C,0.1,1,1097728,-0.4631888881325722,0.39
C,0.1,1,1114112,-0.48838713064789774,0.385
C,0.1,1,1130496,-0.4500220446288586,0.405
C,0.1,1,1146880,-0.4218802800774574,0.425
C,0.1,1,1163264,-0.3774223370850086,0.445
C,0.1,1,1179648,-0.3609669280052185,0.44
C,0.1,1,1196032,-0.27664665654301646,0.495
C,0.1,1,1212416,-0.3091746982932091,0.47
C,0.1,1,1228800,-0.32264134272933004,0.475
C,0.1,1,1245184,-0.43624012723565103,0.415
C,0.1,1,1261568,-0.34828806728124617,0.465
C,0.1,1,1277952,-0.3295259854197502,0.47
C,0.1,1,1294336,-0.32222563937306403,0.465
C,0.1,1,1310720,-0.4081546370685101,0.425
C,0.1,1,1327104,-0.4556997752189636,0.395
C,0.1,1,1343488,-0.5006891639530658,0.37
C,0.1,1,1359872,-0.48504265159368515,0.375
C,0.1,1,1376256,-0.4882290470600128,0.39
C,0.1,1,1392640,-0.424556050747633,0.425
C,0.1,1,1409024,-0.30779157385230066,0.495
C,0.1,1,1425408,-0.3370700888335705,0.47
C,0.1,1,1441792,-0.29073909774422646,0.5
C,0.1,1,1458176,-0.32848562091588973,0.475
C,0.1,1,1474560,-0.3266975735127926,0.465
C,0.1,1,1490944,-0.36352145060896873,0.445
C,0.1,1,1507328,-0.39769882142543794,0.445
C,0.1,1,1523712,-0.33294170871376993,0.495
C,0.1,1,1540096,-0.34873361825942994,0.475
C,0.1,1,1556480,-0.40346292331814765,0.43
C,0.1,1,1572864,-0.3948514598608017,0.435
C,0.1,1,1589248,-0.48858690351247785,0.375
C,0.1,1,1605632,-0.44258479341864587,0.405
C,0.1,1,1622016,-0.4338339395821095,0.405
C,0.1,1,1638400,-0.29043141707777975,0.49
C,0.1,1,1654784,-0.2570939488708973,0.515
C,0.1,1,1671168,-0.3108371190726757,0.475
C,0.1,1,1687552,-0.38513719365000726,0.445
C,0.1,1,1703936,-0.3765235501527786,0.425
C,0.1,1,1720320,-0.3355034875869751,0.45
C,0.1,1,1736704,-0.41263178661465644,0.395
C,0.1,1,1753088,-0.38970945209264757,0.425
C,0.1,1,1769472,-0.3325402365624905,0.465
C,0.1,1,1785856,-0.28247658133506776,0.5
C,0.1,1,1802240,-0.2908522783219814,0.495
C,0.1,1,1818624,-0.37565150022506716,0.445
C,0.1,1,1835008,-0.2844729156792164,0.495
C,0.1,1,1851392,-0.255092366784811,0.51
C,0.1,1,1867776,-0.2250319555401802,0.53
C,0.1,1,1884160,-0.30885487332940104,0.465
C,0.1,1,1900544,-0.3784709459543228,0.415
C,0.1,1,1916928,-0.37308593213558194,0.42
C,0.1,1,1933312,-0.39007426843047144,0.42
C,0.1,1,1949696,-0.28678431928157805,0.49
C,0.1,1,1966080,-0.31337455004453657,0.47
C,0.1,1,1982464,-0.2620085442066193,0.505
C,0.1,1,1998848,-0.32388957068324087,0.48
C,0.1,2,32768,-1.08099465072155,0.0
C,0.1,2,49152,-1.1547631993889809,0.0
C,0.1,2,65536,-1.2158081707538375,0.0
C,0.1,2,81920,-1.2756373220682145,0.0
C,0.1,2,98304,-1.3319774788618088,0.0
C,0.1,2,114688,-1.3799224263429641,0.0
C,0.1,2,131072,-1.3739963698387145,0.0
C,0.1,2,147456,-1.3582696950435638,0.0
C,0.1,2,163840,-0.3017566156387329,0.52
C,0.1,2,180224,-0.44547678232192994,0.45
C,0.1,2,196608,-0.6717990016937256,0.335
C,0.1,2,212992,-1.0238851733505725,0.145
C,0.1,2,229376,-0.7842974862456322,0.255
C,0.1,2,245760,-0.7638001172244548,0.26
C,0.1,2,262144,-0.8526600371301174,0.225
C,0.1,2,278528,-0.8209599681198597,0.235
C,0.1,2,294912,-0.8181369575858116,0.235
C,0.1,2,311296,-0.518204056918621,0.375
C,0.1,2,327680,-0.5349443419277669,0.36
C,0.1,2,344064,-0.5370599699020385,0.355
C,0.1,2,360448,-0.6751601348817349,0.285
C,0.1,2,376832,-0.5818892405927181,0.345
C,0.1,2,393216,-0.4360626022517681,0.42
C,0.1,2,409600,-0.4719573751091957,0.39
C,0.1,2,425984,-0.5008157613873482,0.38
C,0.1,2,442368,-0.5194497135281563,0.375
C,0.1,2,458752,-0.5060125371813774,0.39
C,0.1,2,475136,-0.40442790523171424,0.435
C,0.1,2,491520,-0.429188030064106,0.425
C,0.1,2,507904,-0.43558194071054457,0.425
C,0.1,2,524288,-0.4067566324770451,0.43
C,0.1,2,540672,-0.3888537099957466,0.425
C,0.1,2,557056,-0.3737530225515366,0.425
C,0.1,2,573440,-0.389948118776083,0.425
C,0.1,2,589824,-0.43639436215162275,0.405
C,0.1,2,606208,-0.45635132312774657,0.4
C,0.1,2,622592,-0.42037410378456114,0.405
C,0.1,2,638976,-0.3495629431307316,0.44
C,0.1,2,655360,-0.3457205894589424,0.44
C,0.1,2,671744,-0.3652015635371208,0.43
C,0.1,2,688128,-0.4281320324540138,0.405
C,0.1,2,704512,-0.3921039101481438,0.43
C,0.1,2,720896,-0.42067402943968774,0.42
C,0.1,2,737280,-0.3636508421599865,0.46
C,0.1,2,753664,-0.3841598044335842,0.45
C,0.1,2,770048,-0.3460254639387131,0.47
C,0.1,2,786432,-0.337779488414526,0.455
C,0.1,2,802816,-0.3648689378798008,0.425
C,0.1,2,819200,-0.33796378284692763,0.445
C,0.1,2,835584,-0.3711261701583862,0.435
C,0.1,2,851968,-0.3773512573540211,0.45
C,0.1,2,868352,-0.30454386070370676,0.48
C,0.1,2,884736,-0.3757127259671688,0.445
C,0.1,2,901120,-0.43718763187527654,0.41
C,0.1,2,917504,-0.4167491368949413,0.425
C,0.1,2,933888,-0.3835972610116005,0.43
C,0.1,2,950272,-0.34901332974433896,0.465
C,0.1,2,966656,-0.3971508231759071,0.44
C,0.1,2,983040,-0.39130705207586286,0.445
C,0.1,2,999424,-0.4695328813791275,0.395
C,0.1,2,1015808,-0.4354818417131901,0.41
C,0.1,2,1032192,-0.38176038399338724,0.445
C,0.1,2,1048576,-0.3319214153289795,0.475
C,0.1,2,1064960,-0.3664183700084686,0.465
C,0.1,2,1081344,-0.3848516499996185,0.44
C,0.1,2,1097728,-0.3943620900809765,0.44
C,0.1,2,1114112,-0.37361386135220526,0.445
C,0.1,2,1130496,-0.4140245571732521,0.425
C,0.1,2,1146880,-0.36702478289604185,0.44
C,0.1,2,1163264,-0.3893795022368431,0.425
C,0.1,2,1179648,-0.3128350792825222,0.475
C,0.1,2,1196032,-0.3337777879834175,0.455
C,0.1,2,1212416,-0.37454428285360336,0.445
C,0.1,2,1228800,-0.34745530128479,0.46
C,0.1,2,1245184,-0.32276058822870257,0.49
C,0.1,2,1261568,-0.325523888617754,0.48
C,0.1,2,1277952,-0.37610582515597346,0.46
C,0.1,2,1294336,-0.35424633249640464,0.465
C,0.1,2,1310720,-0.32221745178103445,0.48
C,0.1,2,1327104,-0.294078675955534,0.5
C,0.1,2,1343488,-0.2530415312945843,0.525
C,0.1,2,1359872,-0.27973022490739824,0.505
C,0.1,2,1376256,-0.31344844207167627,0.485
C,0.1,2,1392640,-0.33798754438757894,0.46
C,0.1,2,1409024,-0.2792152515053749,0.495
C,0.1,2,1425408,-0.33414253070950506,0.48
C,0.1,2,1441792,-0.3440098863840103,0.47
C,0.1,2,1458176,-0.43002907291054726,0.41
C,0.1,2,1474560,-0.4583783887326717,0.385
C,0.1,2,1490944,-0.4258147418498993,0.4
C,0.1,2,1507328,-0.33567817866802213,0.47
C,0.1,2,1523712,-0.25506635770201685,0.52
C,0.1,2,1540096,-0.3397723938524723,0.465
C,0.1,2,1556480,-0.2987964065372944,0.495
C,0.1,2,1572864,-0.3660299389064312,0.46
C,0.1,2,1589248,-0.3870594049990177,0.445
C,0.1,2,1605632,-0.3915893957018852,0.44
C,0.1,2,1622016,-0.3904765194654465,0.435
C,0.1,2,1638400,-0.3643332366645336,0.45
C,0.1,2,1654784,-0.3632743349671364,0.45
C,0.1,2,1671168,-0.38449418783187866,0.435
C,0.1,2,1687552,-0.33277669101953505,0.46
C,0.1,2,1703936,-0.2883612030744553,0.47
C,0.1,2,1720320,-0.30354434460401536,0.465
C,0.1,2,1736704,-0.28141880393028257,0.47
C,0.1,2,1753088,-0.315321836322546,0.47
C,0.1,2,1769472,-0.3595421274006367,0.455
C,0.1,2,1785856,-0.3863876824080944,0.46
C,0.1,2,1802240,-0.34504959046840666,0.465
C,0.1,2,1818624,-0.2827614131569862,0.5
C,0.1,2,1835008,-0.2802832970023155,0.485
C,0.1,2,1851392,-0.34038500115275383,0.45
C,0.1,2,1867776,-0.34305504605174064,0.45
C,0.1,2,1884160,-0.2591660539805889,0.5
C,0.1,2,1900544,-0.22528801634907722,0.52
C,0.1,2,1916928,-0.1735965870320797,0.545
C,0.1,2,1933312,-0.28351917266845705,0.485
C,0.1,2,1949696,-0.3604825732111931,0.445
C,0.1,2,1966080,-0.383143934160471,0.425
C,0.1,2,1982464,-0.376748066842556,0.43
C,0.1,2,1998848,-0.33607168510556223,0.46
C,0.1,3,16384,-1.0289964973926544,0.0
C,0.1,3,32768,-1.0760073209631031,0.0
C,0.1,3,49152,-1.1286606573667683,0.0
C,0.1,3,65536,-1.227554167536172,0.0
C,0.1,3,81920,-1.2976120007038117,0.0
C,0.1,3,98304,-1.3673372846841811,0.0
C,0.1,3,114688,-1.403887108564377,0.0
C,0.1,3,131072,-1.3885748845338821,0.0
C,0.1,3,147456,-1.3475458663702011,0.0
C,0.1,3,163840,-0.5502500326931477,0.4
C,0.1,3,180224,-0.6033236457407475,0.38
C,0.1,3,196608,-0.9284402470290661,0.195
C,0.1,3,212992,-1.1430470034480096,0.09
C,0.1,3,229376,-0.9516375613212585,0.18
C,0.1,3,245760,-0.8300875332951546,0.255
C,0.1,3,262144,-0.8819695246219635,0.235
C,0.1,3,278528,-0.8814880481362343,0.225
C,0.1,3,294912,-0.8605056692659855,0.22
C,0.1,3,311296,-0.5098841597139835,0.405
C,0.1,3,327680,-0.5259781056642532,0.39
C,0.1,3,344064,-0.5826550714671612,0.35
C,0.1,3,360448,-0.7743163995444775,0.245
C,0.1,3,376832,-0.741708442568779,0.27
C,0.1,3,393216,-0.5992864862084388,0.36
C,0.1,3,409600,-0.5681567314267159,0.355
C,0.1,3,425984,-0.5954910452663899,0.33
C,0.1,3,442368,-0.581982245594263,0.34
C,0.1,3,458752,-0.6321939019858838,0.32
C,0.1,3,475136,-0.4986788757145405,0.4
C,0.1,3,491520,-0.4929784192144871,0.405
C,0.1,3,507904,-0.43785302847623825,0.435
C,0.1,3,524288,-0.5697066304087639,0.36
C,0.1,3,540672,-0.5139078855514526,0.39
C,0.1,3,557056,-0.4464640554785728,0.42
C,0.1,3,573440,-0.4127235272526741,0.445
C,0.1,3,589824,-0.40425302267074587,0.445
C,0.1,3,606208,-0.4842249384522438,0.395
C,0.1,3,622592,-0.5279883140325546,0.37
C,0.1,3,638976,-0.5027918273210525,0.375
C,0.1,3,655360,-0.5137058253586292,0.37
C,0.1,3,671744,-0.42179939433932306,0.43
C,0.1,3,688128,-0.44436659082770347,0.415
C,0.1,3,704512,-0.3714260943233967,0.46
C,0.1,3,720896,-0.417851088643074,0.43
C,0.1,3,737280,-0.3741539269685745,0.46
C,0.1,3,753664,-0.36876165434718133,0.46
C,0.1,3,770048,-0.3291190458834171,0.465
C,0.1,3,786432,-0.38863757893443107,0.435
C,0.1,3,802816,-0.4945120671391487,0.385
C,0.1,3,819200,-0.5148439845442772,0.39
C,0.1,3,835584,-0.5272083567082881,0.37
C,0.1,3,851968,-0.43946526005864145,0.425
C,0.1,3,868352,-0.39012754410505296,0.445
C,0.1,3,884736,-0.3747473506629467,0.465
C,0.1,3,901120,-0.38314515113830566,0.455
C,0.1,3,917504,-0.3724657766520977,0.455
C,0.1,3,933888,-0.2959077976644039,0.49
C,0.1,3,950272,-0.2782431592047214,0.5
C,0.1,3,966656,-0.28763684540987017,0.505
C,0.1,3,983040,-0.35560929268598557,0.48
C,0.1,3,999424,-0.434071993380785,0.42
C,0.1,3,1015808,-0.42219211608171464,0.42
C,0.1,3,1032192,-0.3607126975059509,0.445
C,0.1,3,1048576,-0.33728265672922136,0.46
C,0.1,3,1064960,-0.42234678387641905,0.415
C,0.1,3,1081344,-0.4248512206971645,0.42
C,0.1,3,1097728,-0.4072935704886913,0.435
C,0.1,3,1114112,-0.34124707236886026,0.465
C,0.1,3,1130496,-0.37165856286883353,0.435
C,0.1,3,1146880,-0.3624562068283558,0.44
C,0.1,3,1163264,-0.3761156801879406,0.435
C,0.1,3,1179648,-0.4143731541931629,0.41
C,0.1,3,1196032,-0.3590851533412933,0.44
C,0.1,3,1212416,-0.33398090466856956,0.47
C,0.1,3,1228800,-0.26155913546681403,0.52
C,0.1,3,1245184,-0.28462418377399445,0.515
C,0.1,3,1261568,-0.287111813724041,0.505
C,0.1,3,1277952,-0.2670521537959576,0.5
C,0.1,3,1294336,-0.22285824209451677,0.53
C,0.1,3,1310720,-0.2730232697725296,0.5
C,0.1,3,1327104,-0.32203580781817437,0.48
C,0.1,3,1343488,-0.3240735177695751,0.46
C,0.1,3,1359872,-0.27319816380739215,0.49
C,0.1,3,1376256,-0.21805600866675376,0.52
C,0.1,3,1392640,-0.2379323273897171,0.52
C,0.1,3,1409024,-0.2614776088297367,0.515
C,0.1,3,1425408,-0.2935406950116157,0.495
C,0.1,3,1441792,-0.28544204533100126,0.495
C,0.1,3,1458176,-0.35352630108594896,0.45
C,0.1,3,1474560,-0.3257451297342777,0.46
C,0.1,3,1490944,-0.3575435617566109,0.45
C,0.1,3,1507328,-0.3394620157778263,0.46
C,0.1,3,1523712,-0.4240628878772259,0.405
C,0.1,3,1540096,-0.38192534729838373,0.425
C,0.1,3,1556480,-0.3849050061404705,0.435
C,0.1,3,1572864,-0.4006471352279186,0.425
C,0.1,3,1589248,-0.4018813243508339,0.42
C,0.1,3,1605632,-0.399194700717926,0.42
C,0.1,3,1622016,-0.43766104072332385,0.405
C,0.1,3,1638400,-0.4500727714598179,0.405
C,0.1,3,1654784,-0.4075366586446762,0.42
C,0.1,3,1671168,-0.37288916543126105,0.435
C,0.1,3,1687552,-0.34385424315929414,0.455
C,0.1,3,1703936,-0.35829015672206876,0.45
C,0.1,3,1720320,-0.386372536867857,0.445
C,0.1,3,1736704,-0.4363440553843975,0.415
C,0.1,3,1753088,-0.37264951020479203,0.455
C,0.1,3,1769472,-0.32340930089354514,0.485
C,0.1,3,1785856,-0.269721645116806,0.52
C,0.1,3,1802240,-0.36097799733281133,0.46
C,0.1,3,1818624,-0.33527029722929,0.465
C,0.1,3,1835008,-0.33078112080693245,0.475
C,0.1,3,1851392,-0.28004644080996516,0.515
C,0.1,3,1867776,-0.27993780121207235,0.52
C,0.1,3,1884160,-0.36211410984396936,0.455
C,0.1,3,1900544,-0.34933149963617327,0.465
C,0.1,3,1916928,-0.37664913803339006,0.44
C,0.1,3,1933312,-0.30712680220603944,0.48
C,0.1,3,1949696,-0.2838054171204567,0.495
C,0.1,3,1966080,-0.2283134037256241,0.525
C,0.1,3,1982464,-0.23681798413395883,0.515
C,0.1,3,1998848,-0.3060809971392155,0.475
C,0.1,4,32768,-1.092444896697998,0.0
C,0.1,4,49152,-1.1391848636710125,0.0
C,0.1,4,65536,-1.218117742311387,0.0
C,0.1,4,81920,-1.2519831785788902,0.0
C,0.1,4,98304,-1.319617707133293,0.0
C,0.1,4,114688,-1.361904581785202,0.0
C,0.1,4,131072,-1.3699427133798598,0.0
C,0.1,4,147456,-1.3645375651121139,0.0
C,0.1,4,163840,-0.10549612283706665,0.56
C,0.1,4,180224,-0.39453487142920496,0.425
C,0.1,4,196608,-0.5226723547279835,0.365
C,0.1,4,212992,-0.7736357955634594,0.22
C,0.1,4,229376,-0.8187208510935307,0.2
C,0.1,4,245760,-0.7185981237888336,0.275
C,0.1,4,262144,-0.7230274994671345,0.28
C,0.1,4,278528,-0.7401979599893093,0.28
C,0.1,4,294912,-0.737008118480444,0.28
C,0.1,4,311296,-0.39953134283423425,0.435
C,0.1,4,327680,-0.43579658403992655,0.415
C,0.1,4,344064,-0.4032418014109135,0.44
C,0.1,4,360448,-0.577727928608656,0.35
C,0.1,4,376832,-0.5046752172708512,0.38
C,0.1,4,393216,-0.38898941785097124,0.435
C,0.1,4,409600,-0.42244363158941267,0.42
C,0.1,4,425984,-0.49079340130090715,0.38
C,0.1,4,442368,-0.6461341953277588,0.3
C,0.1,4,458752,-0.6526936888694763,0.305
C,0.1,4,475136,-0.4648007519543171,0.39
C,0.1,4,491520,-0.44524057298898695,0.41
C,0.1,4,507904,-0.5291766068339347,0.365
C,0.1,4,524288,-0.5826788848638534,0.35
C,0.1,4,540672,-0.46309500724077224,0.39
C,0.1,4,557056,-0.419658904671669,0.405
C,0.1,4,573440,-0.4246425427496433,0.41
C,0.1,4,589824,-0.4168896336853504,0.43
C,0.1,4,606208,-0.43656874030828474,0.415
C,0.1,4,622592,-0.3479629391431808,0.47
C,0.1,4,638976,-0.3659736503660679,0.45
C,0.1,4,655360,-0.36567164346575737,0.445
C,0.1,4,671744,-0.44388775393366814,0.405
C,0.1,4,688128,-0.35244786337018014,0.455
C,0.1,4,704512,-0.3706473259627819,0.45
C,0.1,4,720896,-0.43095062896609304,0.42
C,0.1,4,737280,-0.43454282730817795,0.425
C,0.1,4,753664,-0.3891368640959263,0.445
C,0.1,4,770048,-0.41919914066791536,0.415
C,0.1,4,786432,-0.37458248019218443,0.44
C,0.1,4,802816,-0.36111844673752785,0.455
C,0.1,4,819200,-0.3125903058052063,0.48
C,0.1,4,835584,-0.3905451932549477,0.44
C,0.1,4,851968,-0.37576381042599677,0.44
C,0.1,4,868352,-0.34113014057278634,0.45
C,0.1,4,884736,-0.37257213667035105,0.44
C,0.1,4,901120,-0.32895096108317373,0.46
C,0.1,4,917504,-0.3341903461515903,0.465
C,0.1,4,933888,-0.25789607062935826,0.495
C,0.1,4,950272,-0.36676970452070234,0.43
C,0.1,4,966656,-0.42936013713479043,0.4
C,0.1,4,983040,-0.5327353313565254,0.365
C,0.1,4,999424,-0.37758941560983655,0.45
C,0.1,4,1015808,-0.36776340141892433,0.445
C,0.1,4,1032192,-0.3376861104369164,0.45
C,0.1,4,1048576,-0.4401761442422867,0.4
C,0.1,4,1064960,-0.44271008893847463,0.405
C,0.1,4,1081344,-0.4498440010845661,0.41
C,0.1,4,1097728,-0.4007239490747452,0.43
C,0.1,4,1114112,-0.34828543573617937,0.46
C,0.1,4,1130496,-0.39347708627581596,0.425
C,0.1,4,1146880,-0.40413924410939217,0.43
C,0.1,4,1163264,-0.32251288652420046,0.46
C,0.1,4,1179648,-0.3478373022377491,0.46
C,0.1,4,1196032,-0.3441652548313141,0.455
C,0.1,4,1212416,-0.46388364806771276,0.4
C,0.1,4,1228800,-0.34618900060653685,0.465
C,0.1,4,1245184,-0.32566770285367963,0.475
C,0.1,4,1261568,-0.32532612055540083,0.46
C,0.1,4,1277952,-0.3984497049450874,0.415
C,0.1,4,1294336,-0.4103428377211094,0.4
C,0.1,4,1310720,-0.38861500576138497,0.43
C,0.1,4,1327104,-0.3720809309184551,0.425
C,0.1,4,1343488,-0.31228652253746986,0.48
C,0.1,4,1359872,-0.3158892580866814,0.475
C,0.1,4,1376256,-0.28920111432671547,0.49
C,0.1,4,1392640,-0.3164533145725727,0.46
C,0.1,4,1409024,-0.3188391447067261,0.45
C,0.1,4,1425408,-0.3771073696017265,0.425
C,0.1,4,1441792,-0.3649840599298477,0.44
C,0.1,4,1458176,-0.40936975076794624,0.405
C,0.1,4,1474560,-0.3794032908976078,0.44
C,0.1,4,1490944,-0.3883413763344288,0.425
C,0.1,4,1507328,-0.28941891610622406,0.495
C,0.1,4,1523712,-0.285892236828804,0.48
C,0.1,4,1540096,-0.279179293513298,0.49
C,0.1,4,1556480,-0.3049199919402599,0.47
C,0.1,4,1572864,-0.2968899269402027,0.475
C,0.1,4,1589248,-0.2848683181405067,0.48
C,0.1,4,1605632,-0.33032539919018744,0.445
C,0.1,4,1622016,-0.32772011816501617,0.445
C,0.1,4,1638400,-0.2923539212346077,0.47
C,0.1,4,1654784,-0.25231128960847854,0.495
C,0.1,4,1671168,-0.21570011094212532,0.52
C,0.1,4,1687552,-0.25543266147375104,0.5
C,0.1,4,1703936,-0.27085665792226793,0.51
C,0.1,4,1720320,-0.3224908807873726,0.47
C,0.1,4,1736704,-0.2846916796267033,0.485
C,0.1,4,1753088,-0.23403568640351297,0.495
C,0.1,4,1769472,-0.25690255880355833,0.48
C,0.1,4,1785856,-0.3526179212331772,0.445
C,0.1,4,1802240,-0.39589637696743013,0.435
C,0.1,4,1818624,-0.39482450768351557,0.43
C,0.1,4,1835008,-0.34643332570791247,0.455
C,0.1,4,1851392,-0.3035352475941181,0.475
C,0.1,4,1867776,-0.26769902393221856,0.505
C,0.1,4,1884160,-0.28410089015960693,0.495
C,0.1,4,1900544,-0.3278412556648254,0.47
C,0.1,4,1916928,-0.3389495079219341,0.455
C,0.1,4,1933312,-0.369727426469326,0.445
C,0.1,4,1949696,-0.34850356593728066,0.465
C,0.1,4,1966080,-0.35506267845630646,0.47
C,0.1,4,1982464,-0.3177566447854042,0.495
C,0.1,4,1998848,-0.38168482154607775,0.445
C,0.2,0,16384,-1.026455581188202,0.0
C,0.2,0,32768,-1.064837321639061,0.0
C,0.2,0,49152,-1.1215741912523904,0.0
C,0.2,0,65536,-1.215586697416646,0.0
C,0.2,0,81920,-1.250109135456707,0.0
C,0.2,0,98304,-1.3094440704584123,0.0
C,0.2,0,114688,-1.3337875306606293,0.0
C,0.2,0,131072,-1.3433368659019471,0.0
C,0.2,0,147456,-1.3409324067831039,0.0
C,0.2,0,163840,0.000669655054807663,0.655
C,0.2,0,180224,-0.17607409819960596,0.565
C,0.2,0,196608,-0.3306119167804718,0.485
C,0.2,0,212992,-0.4974136160314083,0.39
C,0.2,0,229376,-0.7145698139071465,0.285
C,0.2,0,245760,-0.48378394559025767,0.39
C,0.2,0,262144,-0.5799072588980198,0.34
C,0.2,0,278528,-0.5852816872298717,0.34
C,0.2,0,294912,-0.6414337807893753,0.315
C,0.2,0,311296,-0.05918380558490753,0.615
C,0.2,0,327680,-0.08786467552185058,0.595
C,0.2,0,344064,-0.18317704156041145,0.545
C,0.2,0,360448,-0.27970245957374573,0.51
C,0.2,0,376832,-0.4457310627400875,0.42
C,0.2,0,393216,-0.3256728632748127,0.475
C,0.2,0,409600,-0.34647782817482947,0.47
C,0.2,0,425984,-0.3394029076397419,0.475
C,0.2,0,442368,-0.35744103640317915,0.48
C,0.2,0,458752,-0.4446776705980301,0.43
C,0.2,0,475136,-0.25366745352745057,0.51
C,0.2,0,491520,-0.22479879781603812,0.525
C,0.2,0,507904,-0.2413981895148754,0.53
C,0.2,0,524288,-0.43476673647761344,0.43
C,0.2,0,540672,-0.34304174736142157,0.475
C,0.2,0,557056,-0.25842946365475655,0.495
C,0.2,0,573440,-0.23260380566120148,0.5
C,0.2,0,589824,-0.23606981813907624,0.495
C,0.2,0,606208,-0.21144499659538268,0.505
C,0.2,0,622592,-0.07329097628593445,0.58
C,0.2,0,638976,-0.13686828404664994,0.55
C,0.2,0,655360,-0.22567065984010695,0.505
C,0.2,0,671744,-0.34198680594563485,0.455
C,0.2,0,688128,-0.3124155357480049,0.455
C,0.2,0,704512,-0.26214714273810386,0.495
C,0.2,0,720896,-0.26530953526496887,0.505
C,0.2,0,737280,-0.2899056266248226,0.495
C,0.2,0,753664,-0.24346236363053322,0.515
C,0.2,0,770048,-0.2108104096353054,0.525
C,0.2,0,786432,-0.23061033606529235,0.52
C,0.2,0,802816,-0.23658755913376808,0.525
C,0.2,0,819200,-0.2702233374118805,0.505
C,0.2,0,835584,-0.26258960530161857,0.505
C,0.2,0,851968,-0.19650257736444474,0.52
C,0.2,0,868352,-0.18213205009698868,0.525
C,0.2,0,884736,-0.3311903266608715,0.45
C,0.2,0,901120,-0.3958767819404602,0.415
C,0.2,0,917504,-0.38518415540456774,0.435
C,0.2,0,933888,-0.22576926201581954,0.505
C,0.2,0,950272,-0.24171596825122832,0.49
C,0.2,0,966656,-0.2649466833472252,0.48
C,0.2,0,983040,-0.41203863829374315,0.41
C,0.2,0,999424,-0.2960601396858692,0.48
C,0.2,0,1015808,-0.263198805898428,0.495
C,0.2,0,1032192,-0.17762826338410379,0.54
C,0.2,0,1048576,-0.21257530480623246,0.53
C,0.2,0,1064960,-0.18295529037714003,0.545
C,0.2,0,1081344,-0.22101347014307976,0.53
C,0.2,0,1097728,-0.24679499119520187,0.52
C,0.2,0,1114112,-0.291151582300663,0.5
C,0.2,0,1130496,-0.27871947079896925,0.495
C,0.2,0,1146880,-0.16302854865789412,0.555
C,0.2,0,1163264,-0.14326451390981673,0.565
C,0.2,0,1179648,-0.18794560477137565,0.54
C,0.2,0,1196032,-0.24227820247411727,0.515
C,0.2,0,1212416,-0.21077402755618097,0.53
C,0.2,0,1228800,-0.20968183264136314,0.535
C,0.2,0,1245184,-0.2171839289367199,0.53
C,0.2,0,1261568,-0.2910734909772873,0.49
C,0.2,0,1277952,-0.2806670890748501,0.5
C,0.2,0,1294336,-0.22335587665438653,0.54
C,0.2,0,1310720,-0.22178715392947196,0.545
C,0.2,0,1327104,-0.23342083469033242,0.54
C,0.2,0,1343488,-0.27843344226479533,0.51
C,0.2,0,1359872,-0.15501923188567163,0.58
C,0.2,0,1376256,-0.15393463671207427,0.555
C,0.2,0,1392640,-0.14840032070875167,0.565
C,0.2,0,1409024,-0.2575018087029457,0.505
C,0.2,0,1425408,-0.25552439540624616,0.515
C,0.2,0,1441792,-0.1452499258518219,0.58
C,0.2,0,1458176,-0.1408940127491951,0.58
C,0.2,0,1474560,-0.15374030709266662,0.56
C,0.2,0,1490944,-0.19569750025868415,0.545
C,0.2,0,1507328,-0.14507749184966087,0.57
C,0.2,0,1523712,-0.2069398556649685,0.545
C,0.2,0,1540096,-0.20325156897306443,0.53
C,0.2,0,1556480,-0.23855356976389885,0.5
C,0.2,0,1572864,-0.1607539823651314,0.55
C,0.2,0,1589248,-0.1579815050959587,0.565
C,0.2,0,1605632,-0.10779620960354805,0.61
C,0.2,0,1622016,-0.13405635118484496,0.58
C,0.2,0,1638400,-0.19630742982029914,0.535
C,0.2,0,1654784,-0.18285714715719223,0.53
C,0.2,0,1671168,-0.15864195838570594,0.565
C,0.2,0,1687552,-0.19197047114372254,0.54
C,0.2,0,1703936,-0.18284545645117758,0.57
C,0.2,0,1720320,-0.20800995483994483,0.53
C,0.2,0,1736704,-0.2470581513643265,0.51
C,0.2,0,1753088,-0.25159714445471765,0.485
C,0.2,0,1769472,-0.190452878177166,0.54
C,0.2,0,1785856,-0.2021300159394741,0.535
C,0.2,0,1802240,-0.18938566729426384,0.555
C,0.2,0,1818624,-0.28208251044154165,0.5
C,0.2,0,1835008,-0.28497733622789384,0.49
C,0.2,0,1851392,-0.27436795964837074,0.48
C,0.2,0,1867776,-0.29763306707143783,0.47
C,0.2,0,1884160,-0.23921502023935318,0.505
C,0.2,0,1900544,-0.2197800962626934,0.535
C,0.2,0,1916928,-0.184012700766325,0.545
C,0.2,0,1933312,-0.24569776505231858,0.515
C,0.2,0,1949696,-0.3412630920112133,0.455
C,0.2,0,1966080,-0.31472021266818045,0.46
C,0.2,0,1982464,-0.2805618420243263,0.485
C,0.2,0,1998848,-0.25131347686052324,0.495
C,0.2,1,32768,-1.0838245451450348,0.0
C,0.2,1,49152,-1.1316404143969219,0.0
C,0.2,1,65536,-1.2242951528935493,0.0
C,0.2,1,81920,-1.2588715285671002,0.0
C,0.2,1,98304,-1.3008530855178833,0.0
C,0.2,1,114688,-1.3471624237298965,0.0
C,0.2,1,131072,-1.3505870282649994,0.0
C,0.2,1,147456,-1.3496683430671692,0.0
C,0.2,1,163840,0.016443641036748887,0.675
C,0.2,1,180224,-0.18816643789410592,0.57
C,0.2,1,196608,-0.2854697461426258,0.515
C,0.2,1,212992,-0.5347464564442634,0.385
C,0.2,1,229376,-0.7551194003224373,0.27
C,0.2,1,245760,-0.5737534815073013,0.37
C,0.2,1,262144,-0.5677469415962696,0.375
C,0.2,1,278528,-0.608895693719387,0.36
C,0.2,1,294912,-0.6766547501087189,0.32
C,0.2,1,311296,0.11613701015710831,0.73
C,0.2,1,327680,0.030700651556253435,0.675
C,0.2,1,344064,-0.15659266889095305,0.575
C,0.2,1,360448,-0.31323696702718734,0.485
C,0.2,1,376832,-0.44416135728359224,0.415
C,0.2,1,393216,-0.2872478695213795,0.505
C,0.2,1,409600,-0.3195219387114048,0.495
C,0.2,1,425984,-0.3740443913638592,0.465
C,0.2,1,442368,-0.39034820452332497,0.465
C,0.2,1,458752,-0.42167205557227133,0.435
C,0.2,1,475136,-0.13878301233053209,0.555
C,0.2,1,491520,-0.10789730444550515,0.575
C,0.2,1,507904,-0.11952020868659019,0.58
C,0.2,1,524288,-0.2863640211522579,0.505
C,0.2,1,540672,-0.2994729480147362,0.49
C,0.2,1,557056,-0.20345528230071067,0.54
C,0.2,1,573440,-0.22422310441732407,0.53
C,0.2,1,589824,-0.2074196569621563,0.55
C,0.2,1,606208,-0.25859956741333007,0.52
C,0.2,1,622592,-0.010907713174819946,0.66
C,0.2,1,638976,-0.03672357127070427,0.635
C,0.2,1,655360,-0.13517939582467078,0.585
C,0.2,1,671744,-0.2381306104362011,0.525
C,0.2,1,688128,-0.29885602071881295,0.495
C,0.2,1,704512,-0.22772271782159806,0.525
C,0.2,1,720896,-0.21141583517193793,0.54
C,0.2,1,737280,-0.225592041015625,0.53
C,0.2,1,753664,-0.19610968574881554,0.55
C,0.2,1,770048,-0.03919923558831215,0.635
C,0.2,1,786432,-0.11871657744050026,0.595
C,0.2,1,802816,-0.11544467270374298,0.605
C,0.2,1,819200,-0.2367919009923935,0.55
C,0.2,1,835584,-0.272157594114542,0.53
C,0.2,1,851968,-0.30626061379909514,0.485
C,0.2,1,868352,-0.28604417860507964,0.495
C,0.2,1,884736,-0.2752364709973335,0.495
C,0.2,1,901120,-0.2882376052439213,0.485
C,0.2,1,917504,-0.26174985855817795,0.495
C,0.2,1,933888,-0.1668762318789959,0.55
C,0.2,1,950272,-0.12141372367739678,0.585
C,0.2,1,966656,-0.1769546677172184,0.56
C,0.2,1,983040,-0.242873153090477,0.535
C,0.2,1,999424,-0.21807093381881715,0.555
C,0.2,1,1015808,-0.09994602620601654,0.61
C,0.2,1,1032192,-0.08438700512051582,0.625
C,0.2,1,1048576,-0.14293632984161378,0.59
C,0.2,1,1064960,-0.2145875111222267,0.55
C,0.2,1,1081344,-0.27415563628077505,0.505
C,0.2,1,1097728,-0.26165185913443567,0.51
C,0.2,1,1114112,-0.20571792080998422,0.535
C,0.2,1,1130496,-0.2523742143809795,0.5
C,0.2,1,1146880,-0.14405169799923898,0.56
C,0.2,1,1163264,-0.15742595702409745,0.555
C,0.2,1,1179648,-0.17724255859851837,0.555
C,0.2,1,1196032,-0.22935153484344484,0.525
C,0.2,1,1212416,-0.2060854898393154,0.53
C,0.2,1,1228800,-0.16375500589609146,0.55
C,0.2,1,1245184,-0.15372473180294036,0.56
C,0.2,1,1261568,-0.1264012998342514,0.58
C,0.2,1,1277952,-0.16634538069367408,0.56
C,0.2,1,1294336,-0.14121351838111879,0.565
C,0.2,1,1310720,-0.1303849169611931,0.57
C,0.2,1,1327104,-0.15256732881069182,0.565
C,0.2,1,1343488,-0.21428235456347466,0.54
C,0.2,1,1359872,-0.28250846087932585,0.5
C,0.2,1,1376256,-0.3125435125827789,0.475
C,0.2,1,1392640,-0.2875178475677967,0.48
C,0.2,1,1409024,-0.27982626512646674,0.475
C,0.2,1,1425408,-0.2464257550239563,0.5
C,0.2,1,1441792,-0.27601228550076484,0.49
C,0.2,1,1458176,-0.2145267815887928,0.54
C,0.2,1,1474560,-0.20524104431271553,0.54
C,0.2,1,1490944,-0.15604819640517234,0.56
C,0.2,1,1507328,-0.17285837471485138,0.55
C,0.2,1,1523712,-0.20746668547391892,0.525
C,0.2,1,1540096,-0.2624969340860844,0.48
C,0.2,1,1556480,-0.28548697113990784,0.465
C,0.2,1,1572864,-0.2773717446625233,0.475
C,0.2,1,1589248,-0.3031856644153595,0.465
C,0.2,1,1605632,-0.31772541999816895,0.47
C,0.2,1,1622016,-0.2649193361401558,0.5
C,0.2,1,1638400,-0.19608268573880194,0.555
C,0.2,1,1654784,-0.1973532472550869,0.56
C,0.2,1,1671168,-0.21462348744273185,0.55
C,0.2,1,1687552,-0.26204204514622687,0.51
C,0.2,1,1703936,-0.23635778248310088,0.515
C,0.2,1,1720320,-0.26073605969548225,0.505
C,0.2,1,1736704,-0.19455502048134804,0.53
C,0.2,1,1753088,-0.17943787962198257,0.53
C,0.2,1,1769472,-0.13436560615897178,0.55
C,0.2,1,1785856,-0.20162834480404854,0.525
C,0.2,1,1802240,-0.213859031945467,0.535
C,0.2,1,1818624,-0.24093429014086723,0.53
C,0.2,1,1835008,-0.1676587226986885,0.575
C,0.2,1,1851392,-0.15718700096011162,0.59
C,0.2,1,1867776,-0.18598367631435395,0.57
C,0.2,1,1884160,-0.31454392671585085,0.5
C,0.2,1,1900544,-0.3429799950122833,0.47
C,0.2,1,1916928,-0.3389245647192001,0.465
C,0.2,1,1933312,-0.29328789085149765,0.475
C,0.2,1,1949696,-0.2757262949645519,0.5
C,0.2,1,1966080,-0.29255630388855935,0.485
C,0.2,1,1982464,-0.246752248108387,0.515
C,0.2,1,1998848,-0.27010704934597013,0.505
C,0.2,2,32768,-1.077483892440796,0.0
C,0.2,2,49152,-1.1382497829549454,0.0
C,0.2,2,65536,-1.2026366855680328,0.0
C,0.2,2,81920,-1.2396628302686354,0.0
C,0.2,2,98304,-1.2745498192310334,0.0
C,0.2,2,114688,-1.3189681762456893,0.0
C,0.2,2,131072,-1.3384596824645996,0.0
C,0.2,2,147456,-1.3394232738018035,0.0
C,0.2,2,163840,0.08190644666552543,0.74
C,0.2,2,180224,-0.09798699408769608,0.65
C,0.2,2,196608,-0.23087303280830385,0.565
C,0.2,2,212992,-0.433068478256464,0.445
C,0.2,2,229376,-0.7603121410310268,0.255
C,0.2,2,245760,-0.578583892583847,0.35
C,0.2,2,262144,-0.6159270025789738,0.33
C,0.2,2,278528,-0.6539042793214321,0.32
C,0.2,2,294912,-0.6594414086639881,0.315
C,0.2,2,311296,0.041097834855318066,0.675
C,0.2,2,327680,0.06145752131938934,0.685
C,0.2,2,344064,-0.049765566885471346,0.625
C,0.2,2,360448,-0.19503838881850244,0.55
C,0.2,2,376832,-0.4054963865876198,0.435
C,0.2,2,393216,-0.32530649691820146,0.465
C,0.2,2,409600,-0.37437675401568415,0.45
C,0.2,2,425984,-0.4281487238407135,0.43
C,0.2,2,442368,-0.4296113179624081,0.43
C,0.2,2,458752,-0.45619580283761024,0.43
C,0.2,2,475136,-0.15982072055339813,0.565
C,0.2,2,491520,-0.17469076082110405,0.55
C,0.2,2,507904,-0.2481781232357025,0.51
C,0.2,2,524288,-0.40591735184192657,0.445
C,0.2,2,540672,-0.3190951439738274,0.475
C,0.2,2,557056,-0.3171056069433689,0.475
C,0.2,2,573440,-0.36097227439284324,0.44
C,0.2,2,589824,-0.3733159537613392,0.43
C,0.2,2,606208,-0.4026130424439907,0.42
C,0.2,2,622592,-0.20779114559292794,0.55
C,0.2,2,638976,-0.1916270734369755,0.565
C,0.2,2,655360,-0.22223321244120597,0.545
C,0.2,2,671744,-0.2859704150259495,0.505
C,0.2,2,688128,-0.31317804381251335,0.48
C,0.2,2,704512,-0.2698404659330845,0.505
C,0.2,2,720896,-0.26148054748773575,0.525
C,0.2,2,737280,-0.26654199123382566,0.525
C,0.2,2,753664,-0.2876722040772438,0.5
C,0.2,2,770048,-0.2785643817484379,0.485
C,0.2,2,786432,-0.20273763313889503,0.535
C,0.2,2,802816,-0.22269005477428436,0.53
C,0.2,2,819200,-0.19353643774986268,0.565
C,0.2,2,835584,-0.25010964035987854,0.535
C,0.2,2,851968,-0.28335246548056603,0.5
C,0.2,2,868352,-0.2219615635275841,0.52
C,0.2,2,884736,-0.2111211574077606,0.525
C,0.2,2,901120,-0.212715312987566,0.535
C,0.2,2,917504,-0.24331813260912896,0.515
C,0.2,2,933888,-0.2293161581456661,0.515
C,0.2,2,950272,-0.17723576232790947,0.545
C,0.2,2,966656,-0.18555564790964127,0.555
C,0.2,2,983040,-0.23624757140874864,0.535
C,0.2,2,999424,-0.23522995710372924,0.53
C,0.2,2,1015808,-0.22883146584033967,0.52
C,0.2,2,1032192,-0.21144522726535797,0.52
C,0.2,2,1048576,-0.19273306667804718,0.54
C,0.2,2,1064960,-0.17220993116497993,0.56
C,0.2,2,1081344,-0.18968432754278183,0.53
C,0.2,2,1097728,-0.20715624302625657,0.52
C,0.2,2,1114112,-0.26009631633758545,0.495
C,0.2,2,1130496,-0.24540025636553764,0.515
C,0.2,2,1146880,-0.2621394409239292,0.505
C,0.2,2,1163264,-0.13954032972455024,0.565
C,0.2,2,1179648,-0.1886322133243084,0.535
C,0.2,2,1196032,-0.13573547914624215,0.57
C,0.2,2,1212416,-0.17944767847657203,0.54
C,0.2,2,1228800,-0.16678071796894073,0.545
C,0.2,2,1245184,-0.21476113989949228,0.525
C,0.2,2,1261568,-0.2351060204207897,0.53
C,0.2,2,1277952,-0.18767433881759643,0.56
C,0.2,2,1294336,-0.21013924345374108,0.535
C,0.2,2,1310720,-0.1329779325425625,0.57
C,0.2,2,1327104,-0.10529109001159669,0.59
C,0.2,2,1343488,-0.09363502010703087,0.615
C,0.2,2,1359872,-0.13748055055737496,0.58
C,0.2,2,1376256,-0.17803332850337028,0.555
C,0.2,2,1392640,-0.1345868094265461,0.565
C,0.2,2,1409024,-0.1239057993888855,0.58
C,0.2,2,1425408,-0.14225857809185982,0.575
C,0.2,2,1441792,-0.2149563328921795,0.545
C,0.2,2,1458176,-0.20571449995040894,0.54
C,0.2,2,1474560,-0.20307694807648657,0.54
C,0.2,2,1490944,-0.12424133241176605,0.58
C,0.2,2,1507328,-0.15200942069292067,0.565
C,0.2,2,1523712,-0.13415010064840316,0.575
C,0.2,2,1540096,-0.12309211805462837,0.57
C,0.2,2,1556480,-0.06044622793793678,0.6
C,0.2,2,1572864,-0.08946910828351974,0.59
C,0.2,2,1589248,-0.12255821734666825,0.57
C,0.2,2,1605632,-0.1798832044005394,0.555
C,0.2,2,1622016,-0.19888565436005592,0.535
C,0.2,2,1638400,-0.18564242437481882,0.54
C,0.2,2,1654784,-0.17807240843772887,0.53
C,0.2,2,1671168,-0.2190107710659504,0.52
C,0.2,2,1687552,-0.23470581948757172,0.53
C,0.2,2,1703936,-0.24953969195485115,0.52
C,0.2,2,1720320,-0.25231260553002355,0.505
C,0.2,2,1736704,-0.1660972158610821,0.555
C,0.2,2,1753088,-0.14706320717930793,0.575
C,0.2,2,1769472,-0.12783500134944917,0.585
C,0.2,2,1785856,-0.15080823451280595,0.555
C,0.2,2,1802240,-0.16189666122198104,0.555
C,0.2,2,1818624,-0.09770052298903466,0.59
C,0.2,2,1835008,-0.10698068290948867,0.61
C,0.2,2,1851392,-0.07528435096144676,0.63
C,0.2,2,1867776,-0.12372476994991302,0.595
C,0.2,2,1884160,-0.21567758306860924,0.545
C,0.2,2,1900544,-0.20738510936498641,0.535
C,0.2,2,1916928,-0.18354733258485795,0.555
C,0.2,2,1933312,-0.045253835916519165,0.635
C,0.2,2,1949696,-0.15870597571134568,0.565
C,0.2,2,1966080,-0.21641865894198417,0.525
C,0.2,2,1982464,-0.29032999858260156,0.47
C,0.2,2,1998848,-0.24597082108259202,0.49
C,0.2,3,16384,-1.0334248840808868,0.0
C,0.2,3,32768,-1.0781323259527034,0.0
C,0.2,3,49152,-1.1349368199967502,0.0
C,0.2,3,65536,-1.2130213223005597,0.0
C,0.2,3,81920,-1.2512195193767548,0.0
C,0.2,3,98304,-1.3388011288642883,0.0
C,0.2,3,114688,-1.3713337635993958,0.0
C,0.2,3,131072,-1.3843093138933182,0.0
C,0.2,3,147456,-1.392013589143753,0.0
C,0.2,3,163840,-0.004156890660524369,0.69
C,0.2,3,180224,-0.1657001630961895,0.6
C,0.2,3,196608,-0.3161449144780636,0.53
C,0.2,3,212992,-0.5973018591105937,0.37
C,0.2,3,229376,-0.6812372042238712,0.31
C,0.2,3,245760,-0.6316844435036182,0.33
C,0.2,3,262144,-0.6225495855510235,0.35
C,0.2,3,278528,-0.5683192586898804,0.385
C,0.2,3,294912,-0.5553652338683606,0.395
C,0.2,3,311296,-0.13173543497920037,0.585
C,0.2,3,327680,-0.12299672156572342,0.58
C,0.2,3,344064,-0.11663730904459953,0.59
C,0.2,3,360448,-0.28058056384325025,0.51
C,0.2,3,376832,-0.34442310348153116,0.495
C,0.2,3,393216,-0.2394581387937069,0.54
C,0.2,3,409600,-0.20788793742656708,0.55
C,0.2,3,425984,-0.25734062179923056,0.52
C,0.2,3,442368,-0.34974359795451165,0.475
C,0.2,3,458752,-0.4379304419457912,0.435
C,0.2,3,475136,-0.31244858995079994,0.5
C,0.2,3,491520,-0.23125700190663337,0.54
C,0.2,3,507904,-0.2709649600088596,0.515
C,0.2,3,524288,-0.3860611280798912,0.45
C,0.2,3,540672,-0.3094626122713089,0.485
C,0.2,3,557056,-0.308403692394495,0.505
C,0.2,3,573440,-0.33147073596715926,0.49
C,0.2,3,589824,-0.4111756141483784,0.43
C,0.2,3,606208,-0.3938241203129291,0.44
C,0.2,3,622592,-0.26804184272885323,0.505
C,0.2,3,638976,-0.25131561458110807,0.52
C,0.2,3,655360,-0.21249942049384118,0.54
C,0.2,3,671744,-0.31595868945121763,0.485
C,0.2,3,688128,-0.27982020884752273,0.495
C,0.2,3,704512,-0.21618959575891494,0.525
C,0.2,3,720896,-0.31575917556881905,0.475
C,0.2,3,737280,-0.3449986647069454,0.455
C,0.2,3,753664,-0.3908732485771179,0.42
C,0.2,3,770048,-0.20906013056635855,0.505
C,0.2,3,786432,-0.24551879227161408,0.48
C,0.2,3,802816,-0.2772374016046524,0.46
C,0.2,3,819200,-0.3449468441307545,0.435
C,0.2,3,835584,-0.3716082188487053,0.415
C,0.2,3,851968,-0.3217836573719978,0.455
C,0.2,3,868352,-0.24429476425051688,0.495
C,0.2,3,884736,-0.25243609443306925,0.515
C,0.2,3,901120,-0.22496100455522539,0.525
C,0.2,3,917504,-0.25137599408626554,0.52
C,0.2,3,933888,-0.15664021641016007,0.57
C,0.2,3,950272,-0.21460628733038903,0.545
C,0.2,3,966656,-0.20496509924530984,0.545
C,0.2,3,983040,-0.2900433422625065,0.49
C,0.2,3,999424,-0.27315741941332816,0.5
C,0.2,3,1015808,-0.26010580703616143,0.51
C,0.2,3,1032192,-0.1885879522562027,0.555
C,0.2,3,1048576,-0.21463471055030822,0.535
C,0.2,3,1064960,-0.21007984578609468,0.53
C,0.2,3,1081344,-0.2585601945221424,0.495
C,0.2,3,1097728,-0.18955232903361321,0.53
C,0.2,3,1114112,-0.18703265085816384,0.53
C,0.2,3,1130496,-0.17356939792633055,0.545
C,0.2,3,1146880,-0.17660282418131829,0.545
C,0.2,3,1163264,-0.3010292036831379,0.465
C,0.2,3,1179648,-0.25241541922092436,0.505
C,0.2,3,1196032,-0.24511500373482703,0.51
C,0.2,3,1212416,-0.2042786079645157,0.525
C,0.2,3,1228800,-0.1527204518020153,0.545
C,0.2,3,1245184,-0.14770261973142623,0.54
C,0.2,3,1261568,-0.2181504325568676,0.52
C,0.2,3,1277952,-0.2608007426559925,0.49
C,0.2,3,1294336,-0.30266570642590523,0.48
C,0.2,3,1310720,-0.2376014219224453,0.515
C,0.2,3,1327104,-0.2095523276925087,0.55
C,0.2,3,1343488,-0.19183734238147734,0.57
C,0.2,3,1359872,-0.19707169532775878,0.56
C,0.2,3,1376256,-0.23343973949551583,0.53
C,0.2,3,1392640,-0.22219278678297996,0.53
C,0.2,3,1409024,-0.20962446331977844,0.535
C,0.2,3,1425408,-0.24800312772393227,0.515
C,0.2,3,1441792,-0.25643582388758657,0.51
C,0.2,3,1458176,-0.22279572308063508,0.535
C,0.2,3,1474560,-0.17595391303300859,0.55
C,0.2,3,1490944,-0.16484109163284302,0.565
C,0.2,3,1507328,-0.1926027323305607,0.54
C,0.2,3,1523712,-0.17600734993815423,0.545
C,0.2,3,1540096,-0.17708345308899878,0.545
C,0.2,3,1556480,-0.1750602540373802,0.545
C,0.2,3,1572864,-0.226636051684618,0.525
C,0.2,3,1589248,-0.1808953434228897,0.54
C,0.2,3,1605632,-0.22284321427345277,0.515
C,0.2,3,1622016,-0.2373272669315338,0.505
C,0.2,3,1638400,-0.2416502232849598,0.51
C,0.2,3,1654784,-0.246405608355999,0.52
C,0.2,3,1671168,-0.2593597602844238,0.515
C,0.2,3,1687552,-0.18996281176805496,0.545
C,0.2,3,1703936,-0.17995443016290666,0.545
C,0.2,3,1720320,-0.18137359529733657,0.54
C,0.2,3,1736704,-0.20385166943073274,0.535
C,0.2,3,1753088,-0.21145156890153885,0.545
C,0.2,3,1769472,-0.19005655974149704,0.55
C,0.2,3,1785856,-0.1377353297173977,0.57
C,0.2,3,1802240,-0.19036585390567778,0.53
C,0.2,3,1818624,-0.19956738770008087,0.53
C,0.2,3,1835008,-0.24271556705236436,0.515
C,0.2,3,1851392,-0.2211247031390667,0.535
C,0.2,3,1867776,-0.26915812015533447,0.495
C,0.2,3,1884160,-0.2955519925057888,0.48
C,0.2,3,1900544,-0.2593072146177292,0.495
C,0.2,3,1916928,-0.2437494081258774,0.5
C,0.2,3,1933312,-0.20944698229432107,0.53
C,0.2,3,1949696,-0.2367900639772415,0.515
C,0.2,3,1966080,-0.21749160468578338,0.53
C,0.2,3,1982464,-0.21005445539951326,0.52
C,0.2,3,1998848,-0.2581929334998131,0.49
C,0.2,4,32768,-1.0951330661773682,0.0
C,0.2,4,49152,-1.1532658888743474,0.0
C,0.2,4,65536,-1.2228536373609071,0.0
C,0.2,4,81920,-1.2529984745260787,0.0
C,0.2,4,98304,-1.297459687590599,0.0
C,0.2,4,114688,-1.3235577529668807,0.0
C,0.2,4,131072,-1.3312299430370331,0.0
C,0.2,4,147456,-1.3335842978954315,0.0
C,0.2,4,163840,-0.04377540171146393,0.61
C,0.2,4,180224,-0.13650791376829147,0.57
C,0.2,4,196608,-0.24607667684555054,0.51
C,0.2,4,212992,-0.4043703103065491,0.435
C,0.2,4,229376,-0.6875319401919842,0.295
C,0.2,4,245760,-0.5354510106146335,0.355
C,0.2,4,262144,-0.5380226603150368,0.355
C,0.2,4,278528,-0.5744978353381157,0.34
C,0.2,4,294912,-0.6033121885359287,0.335
C,0.2,4,311296,0.10549677029252053,0.695
C,0.2,4,327680,0.038820159435272214,0.655
C,0.2,4,344064,-0.11029784351587296,0.585
C,0.2,4,360448,-0.3034342835843563,0.48
C,0.2,4,376832,-0.5098650521039962,0.375
C,0.2,4,393216,-0.42264108166098596,0.41
C,0.2,4,409600,-0.42811678767204286,0.4
C,0.2,4,425984,-0.448256101757288,0.39
C,0.2,4,442368,-0.4719491586089134,0.38
C,0.2,4,458752,-0.49876831904053687,0.37
C,0.2,4,475136,-0.141976475417614,0.545
C,0.2,4,491520,-0.0872195915877819,0.59
C,0.2,4,507904,-0.17132287964224815,0.56
C,0.2,4,524288,-0.38891247779130933,0.445
C,0.2,4,540672,-0.3186564002931118,0.49
C,0.2,4,557056,-0.26706465274095537,0.505
C,0.2,4,573440,-0.24748008623719214,0.52
C,0.2,4,589824,-0.2865331353247166,0.495
C,0.2,4,606208,-0.30983916863799094,0.47
C,0.2,4,622592,-0.12017935693264008,0.54
C,0.2,4,638976,-0.09697720021009446,0.57
C,0.2,4,655360,-0.13642812311649322,0.55
C,0.2,4,671744,-0.17445212200284005,0.55
C,0.2,4,688128,-0.21717824935913085,0.535
C,0.2,4,704512,-0.12790747955441475,0.585
C,0.2,4,720896,-0.19017445176839828,0.54
C,0.2,4,737280,-0.27517349407076835,0.475
C,0.2,4,753664,-0.32479335367679596,0.445
C,0.2,4,770048,-0.23788646653294562,0.495
C,0.2,4,786432,-0.1730447156727314,0.54
C,0.2,4,802816,-0.14200105741620064,0.555
C,0.2,4,819200,-0.16401289120316506,0.55
C,0.2,4,835584,-0.24933259651064874,0.505
C,0.2,4,851968,-0.17906036406755446,0.545
C,0.2,4,868352,-0.12833748906850814,0.575
C,0.2,4,884736,-0.1970658542215824,0.54
C,0.2,4,901120,-0.2413463433086872,0.515
C,0.2,4,917504,-0.2403620308637619,0.525
C,0.2,4,933888,-0.07073443502187729,0.6
C,0.2,4,950272,-0.1318607084453106,0.57
C,0.2,4,966656,-0.20504444479942321,0.515
C,0.2,4,983040,-0.2443497224152088,0.505
C,0.2,4,999424,-0.2174113367497921,0.5
C,0.2,4,1015808,-0.23397506788372993,0.485
C,0.2,4,1032192,-0.28164917424321173,0.455
C,0.2,4,1048576,-0.3034591130912304,0.44
C,0.2,4,1064960,-0.26049533680081366,0.475
C,0.2,4,1081344,-0.17831715062260628,0.53
C,0.2,4,1097728,-0.11671076655387878,0.58
C,0.2,4,1114112,-0.1454111598432064,0.56
C,0.2,4,1130496,-0.16269761189818382,0.54
C,0.2,4,1146880,-0.16053514122962953,0.535
C,0.2,4,1163264,-0.1263851447403431,0.565
C,0.2,4,1179648,-0.14595769420266153,0.56
C,0.2,4,1196032,-0.21866614282131194,0.52
C,0.2,4,1212416,-0.2864356787502766,0.465
C,0.2,4,1228800,-0.23081281885504723,0.51
C,0.2,4,1245184,-0.28332210183143614,0.465
C,0.2,4,1261568,-0.2176319156587124,0.505
C,0.2,4,1277952,-0.2662221260368824,0.475
C,0.2,4,1294336,-0.23467016190290452,0.495
C,0.2,4,1310720,-0.18714267432689666,0.52
C,0.2,4,1327104,-0.21275680646300316,0.5
C,0.2,4,1343488,-0.16995059698820114,0.53
C,0.2,4,1359872,-0.21796610295772553,0.495
C,0.2,4,1376256,-0.2940316382050514,0.465
C,0.2,4,1392640,-0.212475615888834,0.52
C,0.2,4,1409024,-0.23216311872005463,0.535
C,0.2,4,1425408,-0.22379501894116402,0.52
C,0.2,4,1441792,-0.2677973403036594,0.5
C,0.2,4,1458176,-0.20519544303417206,0.515
C,0.2,4,1474560,-0.24044250786304475,0.51
C,0.2,4,1490944,-0.25975981473922727,0.49
C,0.2,4,1507328,-0.34579393193125724,0.445
C,0.2,4,1523712,-0.29640631809830664,0.47
C,0.2,4,1540096,-0.2963157746195793,0.485
C,0.2,4,1556480,-0.2173822283744812,0.535
C,0.2,4,1572864,-0.18173596039414405,0.55
C,0.2,4,1589248,-0.21362804308533667,0.535
C,0.2,4,1605632,-0.2393745793402195,0.525
C,0.2,4,1622016,-0.1953534349799156,0.555
C,0.2,4,1638400,-0.18498460754752158,0.56
C,0.2,4,1654784,-0.2168801937997341,0.54
C,0.2,4,1671168,-0.24632540717720985,0.52
C,0.2,4,1687552,-0.3367195472121239,0.465
C,0.2,4,1703936,-0.19054552152752877,0.545
C,0.2,4,1720320,-0.1772526405751705,0.55
C,0.2,4,1736704,-0.11386661857366562,0.58
C,0.2,4,1753088,-0.21963921830058097,0.51
C,0.2,4,1769472,-0.19237730771303177,0.525
C,0.2,4,1785856,-0.2254706436395645,0.5
C,0.2,4,1802240,-0.3368322597444057,0.435
C,0.2,4,1818624,-0.3507604332268238,0.435
C,0.2,4,1835008,-0.35175341546535493,0.44
C,0.2,4,1851392,-0.29700850814580915,0.47
C,0.2,4,1867776,-0.2694894528388977,0.495
C,0.2,4,1884160,-0.20110496252775192,0.535
C,0.2,4,1900544,-0.13207081571221352,0.575
C,0.2,4,1916928,-0.15998990550637246,0.545
C,0.2,4,1933312,-0.1293111726641655,0.54
C,0.2,4,1949696,-0.17692212671041488,0.505
C,0.2,4,1966080,-0.1925354878604412,0.505
C,0.2,4,1982464,-0.1807001605629921,0.535
C,0.2,4,1998848,-0.2800325989723206,0.475
C,0.4,0,32768,-1.0722928643226624,0.0
C,0.4,0,49152,-1.105266484949324,0.0
C,0.4,0,65536,-1.1984451483871976,0.0
C,0.4,0,81920,-1.239297530230354,0.0
C,0.4,0,98304,-1.2740048290156631,0.0
C,0.4,0,114688,-1.2998906066582638,0.0
C,0.4,0,131072,-1.2976251182885006,0.0
C,0.4,0,147456,-1.3000197777876983,0.0
C,0.4,0,163840,0.11637631803750992,0.725
C,0.4,0,180224,0.05698015034198761,0.695
C,0.4,0,196608,-0.0052953030169010165,0.66
C,0.4,0,212992,-0.13222261816263198,0.595
C,0.4,0,229376,-0.34399949565529825,0.46
C,0.4,0,245760,-0.4453717525303364,0.41
C,0.4,0,262144,-0.5092182104289532,0.38
C,0.4,0,278528,-0.48688171595335006,0.395
C,0.4,0,294912,-0.5319422693550586,0.375
C,0.4,0,311296,0.17962172091007234,0.735
C,0.4,0,327680,0.060447295755147935,0.68
C,0.4,0,344064,0.005914810299873352,0.66
C,0.4,0,360448,-0.09338371321558953,0.605
C,0.4,0,376832,-0.29299480840563774,0.495
C,0.4,0,393216,-0.4175428611040115,0.425
C,0.4,0,409600,-0.380286986976862,0.455
C,0.4,0,425984,-0.4153794218599796,0.44
C,0.4,0,442368,-0.42827997982501986,0.43
C,0.4,0,458752,-0.42296332091093064,0.44
C,0.4,0,475136,0.16108683809638025,0.72
C,0.4,0,491520,0.1248654417693615,0.71
C,0.4,0,507904,0.06873083218932152,0.675
C,0.4,0,524288,-0.042693990468978885,0.605
C,0.4,0,540672,-0.06457262843847275,0.61
C,0.4,0,557056,-0.016778143197298048,0.645
C,0.4,0,573440,-0.05257756382226944,0.635
C,0.4,0,589824,-0.06511084824800491,0.625
C,0.4,0,606208,-0.08500024974346161,0.62
C,0.4,0,622592,0.15806573405861854,0.72
C,0.4,0,638976,0.15527841582894325,0.72
C,0.4,0,655360,0.12287729799747467,0.725
C,0.4,0,671744,0.04263920962810516,0.68
C,0.4,0,688128,-0.06599533632397651,0.625
C,0.4,0,704512,-0.08084438920021057,0.62
C,0.4,0,720896,-0.02128592327237129,0.65
C,0.4,0,737280,-0.02905938118696213,0.66
C,0.4,0,753664,-0.12715005546808242,0.6
C,0.4,0,770048,0.1442745693027973,0.735
C,0.4,0,786432,0.1491031277179718,0.735
C,0.4,0,802816,0.08797016188502312,0.705
C,0.4,0,819200,0.0277209147810936,0.675
C,0.4,0,835584,-0.05737315773963928,0.615
C,0.4,0,851968,0.007470643073320389,0.64
C,0.4,0,868352,0.06365996941924096,0.67
C,0.4,0,884736,0.02407202184200287,0.65
C,0.4,0,901120,0.01807549685239792,0.66
C,0.4,0,917504,-0.038257306814193724,0.63
C,0.4,0,933888,0.08690044745802879,0.69
C,0.4,0,950272,0.09519986391067504,0.7
C,0.4,0,966656,0.03889180332422257,0.675
C,0.4,0,983040,-0.12430762097239495,0.585
C,0.4,0,999424,-0.14610993772745132,0.575
C,0.4,0,1015808,-0.08625822275876999,0.61
C,0.4,0,1032192,-0.05845054477453232,0.63
C,0.4,0,1048576,-0.06679199621081353,0.625
C,0.4,0,1064960,-0.05979823365807533,0.635
C,0.4,0,1081344,-0.03756711378693581,0.625
C,0.4,0,1097728,-0.022580424696207045,0.635
C,0.4,0,1114112,-0.015832509845495224,0.63
C,0.4,0,1130496,-0.1020010358095169,0.58
C,0.4,0,1146880,-0.06689108788967132,0.615
C,0.4,0,1163264,-0.06520310193300247,0.615
C,0.4,0,1179648,-0.03973300501704216,0.64
C,0.4,0,1196032,-0.14060455158352853,0.58
C,0.4,0,1212416,-0.1615091995894909,0.57
C,0.4,0,1228800,-0.11452556312084199,0.595
C,0.4,0,1245184,-0.04449246779084206,0.635
C,0.4,0,1261568,-0.019790745228528975,0.645
C,0.4,0,1277952,-0.041495843827724456,0.625
C,0.4,0,1294336,-0.09181486189365387,0.6
C,0.4,0,1310720,-0.023893327116966248,0.64
C,0.4,0,1327104,-0.0045541833341121675,0.64
C,0.4,0,1343488,-0.025903285890817643,0.63
C,0.4,0,1359872,-0.04728120073676109,0.615
C,0.4,0,1376256,-0.05666413068771362,0.615
C,0.4,0,1392640,0.05127674609422684,0.665
C,0.4,0,1409024,0.04456077128648758,0.66
C,0.4,0,1425408,0.022784086912870406,0.66
C,0.4,0,1441792,-0.03256639912724495,0.63
C,0.4,0,1458176,0.0064015060663223265,0.655
C,0.4,0,1474560,0.03725191980600357,0.66
C,0.4,0,1490944,0.012266130894422531,0.665
C,0.4,0,1507328,-0.02128908708691597,0.65
C,0.4,0,1523712,-0.01491661012172699,0.655
C,0.4,0,1540096,0.04947573676705361,0.675
C,0.4,0,1556480,-0.0628038765490055,0.605
C,0.4,0,1572864,-0.05797143742442131,0.615
C,0.4,0,1589248,-0.01235929548740387,0.64
C,0.4,0,1605632,-0.035969258546829225,0.625
C,0.4,0,1622016,0.06847386255860329,0.67
C,0.4,0,1638400,-0.00507016658782959,0.61
C,0.4,0,1654784,0.029320659041404726,0.635
C,0.4,0,1671168,-0.05119880199432373,0.595
C,0.4,0,1687552,-0.04999237716197968,0.615
C,0.4,0,1703936,-0.039618589878082276,0.625
C,0.4,0,1720320,-0.010621417313814163,0.64
C,0.4,0,1736704,-0.023140678107738497,0.635
C,0.4,0,1753088,-0.06312937766313553,0.605
C,0.4,0,1769472,0.027937490791082382,0.65
C,0.4,0,1785856,-0.000742943286895752,0.615
C,0.4,0,1802240,0.007681853026151657,0.62
C,0.4,0,1818624,-0.02687824934720993,0.605
C,0.4,0,1835008,-0.056424745321273805,0.59
C,0.4,0,1851392,0.006324100196361542,0.655
C,0.4,0,1867776,-0.026648170500993728,0.625
C,0.4,0,1884160,-0.05899412289261818,0.6
C,0.4,0,1900544,-0.08116910934448242,0.585
C,0.4,0,1916928,-0.07395947620272636,0.585
C,0.4,0,1933312,0.011852052807807923,0.635
C,0.4,0,1949696,-0.0017230136692523957,0.625
C,0.4,0,1966080,0.04357284739613533,0.66
C,0.4,0,1982464,0.02548006609082222,0.66
C,0.4,0,1998848,0.07497985035181046,0.705
C,0.4,1,32768,-1.0735588073730469,0.0
C,0.4,1,49152,-1.1122499008973439,0.0
C,0.4,1,65536,-1.2074364195478724,0.0
C,0.4,1,81920,-1.2441620800230238,0.0
C,0.4,1,98304,-1.281351637095213,0.0
C,0.4,1,114688,-1.2960160749299185,0.0
C,0.4,1,131072,-1.298312303182241,0.0
C,0.4,1,147456,-1.2982690070248857,0.0
C,0.4,1,163840,0.13867448508739472,0.735
C,0.4,1,180224,0.10417427182197571,0.72
C,0.4,1,196608,0.018634597659111022,0.67
C,0.4,1,212992,-0.11189115449786186,0.585
C,0.4,1,229376,-0.21584025010466576,0.545
C,0.4,1,245760,-0.40320592522621157,0.445
C,0.4,1,262144,-0.49375435426831243,0.395
C,0.4,1,278528,-0.4794521826505661,0.4
C,0.4,1,294912,-0.46051702558994295,0.42
C,0.4,1,311296,0.22859551399946212,0.75
C,0.4,1,327680,0.1645478393137455,0.715
C,0.4,1,344064,0.10272081583738327,0.685
C,0.4,1,360448,0.052789416015148166,0.66
C,0.4,1,376832,-0.12728871628642083,0.57
C,0.4,1,393216,-0.2878154627978802,0.51
C,0.4,1,409600,-0.2955442413687706,0.505
C,0.4,1,425984,-0.3041939464211464,0.505
C,0.4,1,442368,-0.35558789819478986,0.48
C,0.4,1,458752,-0.3670212511718273,0.475
C,0.4,1,475136,0.21487947911024094,0.77
C,0.4,1,491520,0.1711687895655632,0.745
C,0.4,1,507904,0.11630142033100128,0.715
C,0.4,1,524288,0.011363477259874345,0.655
C,0.4,1,540672,-0.19000218868255614,0.54
C,0.4,1,557056,-0.09193327412009239,0.6
C,0.4,1,573440,-0.17296002715826034,0.56
C,0.4,1,589824,-0.1833858732879162,0.55
C,0.4,1,606208,-0.17190996021032334,0.565
C,0.4,1,622592,0.178966214209795,0.725
C,0.4,1,638976,0.1421846231818199,0.715
C,0.4,1,655360,0.03317923024296761,0.655
C,0.4,1,671744,-0.016051881164312363,0.64
C,0.4,1,688128,-0.2030583490431309,0.535
C,0.4,1,704512,-0.11278832226991653,0.575
C,0.4,1,720896,-0.14207031145691873,0.55
C,0.4,1,737280,-0.17424677729606627,0.525
C,0.4,1,753664,-0.16955524191260338,0.535
C,0.4,1,770048,0.017074586600065233,0.62
C,0.4,1,786432,0.02760528177022934,0.63
C,0.4,1,802816,0.008736729919910431,0.625
C,0.4,1,819200,0.03154709860682488,0.64
C,0.4,1,835584,-0.044204959124326704,0.615
C,0.4,1,851968,0.002569334954023361,0.65
C,0.4,1,868352,0.08416875779628753,0.7
C,0.4,1,884736,0.008723039627075196,0.67
C,0.4,1,901120,-0.02277076631784439,0.645
C,0.4,1,917504,-0.03775909408926964,0.645
C,0.4,1,933888,0.07342277199029923,0.69
C,0.4,1,950272,0.07186385676264763,0.69
C,0.4,1,966656,-0.010119749754667283,0.645
C,0.4,1,983040,-0.07641953781247139,0.615
C,0.4,1,999424,-0.13387905344367027,0.545
C,0.4,1,1015808,0.009273836016654968,0.625
C,0.4,1,1032192,-0.008355150520801545,0.625
C,0.4,1,1048576,0.040179799497127536,0.665
C,0.4,1,1064960,-0.01832163318991661,0.64
C,0.4,1,1081344,0.09168141186237336,0.705
C,0.4,1,1097728,0.07214362934231758,0.69
C,0.4,1,1114112,0.026568892747163772,0.64
C,0.4,1,1130496,-0.04455715507268906,0.595
C,0.4,1,1146880,-0.08694002255797387,0.565
C,0.4,1,1163264,-0.002561805099248886,0.625
C,0.4,1,1179648,0.05682049244642258,0.675
C,0.4,1,1196032,-0.022629921585321428,0.63
C,0.4,1,1212416,-0.11789706513285637,0.575
C,0.4,1,1228800,-0.11101733505725861,0.545
C,0.4,1,1245184,-0.12209383994340897,0.555
C,0.4,1,1261568,-0.05518849521875382,0.6
C,0.4,1,1277952,-0.006371405869722366,0.635
C,0.4,1,1294336,-0.12263329923152924,0.58
C,0.4,1,1310720,-0.07991971492767334,0.595
C,0.4,1,1327104,-0.04914062798023224,0.59
C,0.4,1,1343488,-0.049858334064483645,0.595
C,0.4,1,1359872,-0.07675281599164009,0.58
C,0.4,1,1376256,-0.11828112989664077,0.57
C,0.4,1,1392640,0.0339998759329319,0.665
C,0.4,1,1409024,0.03290745675563812,0.68
C,0.4,1,1425408,0.03512945637106896,0.68
C,0.4,1,1441792,-0.09171363770961762,0.61
C,0.4,1,1458176,-0.1616912542283535,0.56
C,0.4,1,1474560,-0.13491894885897637,0.55
C,0.4,1,1490944,-0.03365369826555252,0.62
C,0.4,1,1507328,-0.026963727623224257,0.63
C,0.4,1,1523712,0.04262959823012352,0.675
C,0.4,1,1540096,0.14235582828521728,0.72
C,0.4,1,1556480,0.07187885537743569,0.665
C,0.4,1,1572864,0.08614274576306342,0.675
C,0.4,1,1589248,0.04557174772024155,0.645
C,0.4,1,1605632,0.03690255507826805,0.64
C,0.4,1,1622016,-0.015888331830501555,0.605
C,0.4,1,1638400,-0.024649301916360854,0.61
C,0.4,1,1654784,0.017217364609241486,0.64
C,0.4,1,1671168,-0.026427540332078933,0.62
C,0.4,1,1687552,-0.013068875521421433,0.635
C,0.4,1,1703936,-0.011320073455572129,0.63
C,0.4,1,1720320,-0.0675468784570694,0.59
C,0.4,1,1736704,-0.05678572401404381,0.59
C,0.4,1,1753088,-0.1190468980371952,0.55
C,0.4,1,1769472,-0.0644752985239029,0.585
C,0.4,1,1785856,-0.042967863380908966,0.615
C,0.4,1,1802240,-0.11514936000108719,0.575
C,0.4,1,1818624,-0.1572922883927822,0.54
C,0.4,1,1835008,-0.11341454982757568,0.555
C,0.4,1,1851392,-0.05536833122372627,0.585
C,0.4,1,1867776,-0.007180440574884415,0.62
C,0.4,1,1884160,-0.0037705160677433012,0.645
C,0.4,1,1900544,-0.05997626334428787,0.61
C,0.4,1,1916928,0.05251368403434754,0.68
C,0.4,1,1933312,0.03450021535158157,0.665
C,0.4,1,1949696,0.039172270745038984,0.675
C,0.4,1,1966080,-0.0023575009405612944,0.645
C,0.4,1,1982464,-0.009457978010177613,0.655
C,0.4,1,1998848,-0.027519462704658507,0.635
C,0.4,2,32768,-1.0612972974777222,0.0
C,0.4,2,49152,-1.1266108512878419,0.0
C,0.4,2,65536,-1.186218876587717,0.0
C,0.4,2,81920,-1.2278576294581096,0.0
C,0.4,2,98304,-1.2552676024260345,0.0
C,0.4,2,114688,-1.2796144269406795,0.0
C,0.4,2,131072,-1.2827269528285568,0.0
C,0.4,2,147456,-1.2825387133641188,0.0
C,0.4,2,163840,0.1290750814974308,0.71
C,0.4,2,180224,0.05824011743068695,0.685
C,0.4,2,196608,0.000737549215555191,0.65
C,0.4,2,212992,-0.1264895863831043,0.575
C,0.4,2,229376,-0.3220258970558643,0.47
C,0.4,2,245760,-0.6029377490282058,0.31
C,0.4,2,262144,-0.5845596876740455,0.32
C,0.4,2,278528,-0.584065318107605,0.33
C,0.4,2,294912,-0.5866775275766849,0.335
C,0.4,2,311296,0.2603808434307575,0.79
C,0.4,2,327680,0.20809343025088312,0.765
C,0.4,2,344064,0.14104382365942,0.735
C,0.4,2,360448,0.08360185086727143,0.695
C,0.4,2,376832,-0.07606088459491729,0.61
C,0.4,2,393216,-0.23550728872418403,0.52
C,0.4,2,409600,-0.23371967077255248,0.525
C,0.4,2,425984,-0.2581170159578323,0.52
C,0.4,2,442368,-0.3214778646826744,0.49
C,0.4,2,458752,-0.4070983445644379,0.445
C,0.4,2,475136,0.152419024258852,0.705
C,0.4,2,491520,0.0445589430630207,0.655
C,0.4,2,507904,0.002108776569366455,0.65
C,0.4,2,524288,-0.038842685520648956,0.645
C,0.4,2,540672,-0.171317675113678,0.57
C,0.4,2,557056,-0.15403905868530274,0.57
C,0.4,2,573440,-0.20236125558614732,0.54
C,0.4,2,589824,-0.24528602734208108,0.53
C,0.4,2,606208,-0.23913141697645188,0.53
C,0.4,2,622592,0.13301800876855852,0.695
C,0.4,2,638976,0.057845397889614104,0.655
C,0.4,2,655360,-0.12091727584600448,0.56
C,0.4,2,671744,-0.1849422973394394,0.535
C,0.4,2,688128,-0.2740061068534851,0.515
C,0.4,2,704512,-0.1638970771431923,0.56
C,0.4,2,720896,-0.1551600331068039,0.545
C,0.4,2,737280,-0.14237441152334213,0.56
C,0.4,2,753664,-0.17693648666143416,0.545
C,0.4,2,770048,0.03371753707528114,0.645
C,0.4,2,786432,0.03039066806435585,0.64
C,0.4,2,802816,0.032750179469585416,0.635
C,0.4,2,819200,-0.01952786684036255,0.615
C,0.4,2,835584,-0.13017482563853264,0.565
C,0.4,2,851968,-0.07547494918107986,0.595
C,0.4,2,868352,-0.029676966071128845,0.62
C,0.4,2,884736,-0.03574566587805748,0.615
C,0.4,2,901120,-0.032723320573568346,0.615
C,0.4,2,917504,-0.0930742648243904,0.58
C,0.4,2,933888,0.005528238713741303,0.605
C,0.4,2,950272,0.015083734691143037,0.62
C,0.4,2,966656,-0.0370258629322052,0.595
C,0.4,2,983040,-0.11230991631746293,0.555
C,0.4,2,999424,-0.0822269244492054,0.595
C,0.4,2,1015808,-0.041880179196596146,0.61
C,0.4,2,1032192,-0.06736228942871093,0.595
C,0.4,2,1048576,-0.11331808507442474,0.565
C,0.4,2,1064960,-0.13124547332525252,0.55
C,0.4,2,1081344,0.029633931666612625,0.64
C,0.4,2,1097728,0.030920569747686387,0.63
C,0.4,2,1114112,-0.020696728527545928,0.605
C,0.4,2,1130496,-0.06203036338090897,0.58
C,0.4,2,1146880,-0.09096037626266479,0.565
C,0.4,2,1163264,-0.044157024025917056,0.595
C,0.4,2,1179648,-0.07260452792048454,0.57
C,0.4,2,1196032,-0.0965714506804943,0.55
C,0.4,2,1212416,-0.1410975684225559,0.525
C,0.4,2,1228800,-0.04735950693488121,0.58
C,0.4,2,1245184,-0.030075330883264542,0.595
C,0.4,2,1261568,-0.05028916895389557,0.585
C,0.4,2,1277952,-0.025553316324949265,0.595
C,0.4,2,1294336,-0.06477517932653427,0.585
C,0.4,2,1310720,-0.04949469700455666,0.585
C,0.4,2,1327104,0.0030429716408252715,0.595
C,0.4,2,1343488,-0.07311697781085968,0.54
C,0.4,2,1359872,-0.03716002106666565,0.57
C,0.4,2,1376256,-0.03967137157917023,0.58
C,0.4,2,1392640,0.04579087734222412,0.63
C,0.4,2,1409024,0.03776339143514633,0.635
C,0.4,2,1425408,0.024965039193630217,0.63
C,0.4,2,1441792,-0.12445649415254594,0.545
C,0.4,2,1458176,-0.12666415855288504,0.53
C,0.4,2,1474560,-0.1064977315068245,0.535
C,0.4,2,1490944,-0.029404608756303786,0.585
C,0.4,2,1507328,0.016197158098220824,0.62
C,0.4,2,1523712,-0.06803158476948738,0.58
C,0.4,2,1540096,-0.042813189476728436,0.595
C,0.4,2,1556480,-0.011398727893829346,0.6
C,0.4,2,1572864,0.06801958188414574,0.65
C,0.4,2,1589248,-0.029370161443948745,0.6
C,0.4,2,1605632,-0.039638995826244354,0.605
C,0.4,2,1622016,-0.12596464648842812,0.555
C,0.4,2,1638400,-0.0927725026011467,0.555
C,0.4,2,1654784,-0.018411898463964464,0.605
C,0.4,2,1671168,-0.0028451186418533324,0.62
C,0.4,2,1687552,-0.05476294189691543,0.605
C,0.4,2,1703936,-0.07706034436821937,0.56
C,0.4,2,1720320,-0.06407802075147628,0.565
C,0.4,2,1736704,-0.010412292182445526,0.6
C,0.4,2,1753088,-0.06936691239476205,0.58
C,0.4,2,1769472,-0.1056412248313427,0.555
C,0.4,2,1785856,-0.11814460784196854,0.535
C,0.4,2,1802240,-0.14070968672633172,0.515
C,0.4,2,1818624,-0.07677985176444053,0.55
C,0.4,2,1835008,-0.03276428773999214,0.585
C,0.4,2,1851392,0.0479700793325901,0.635
C,0.4,2,1867776,0.11031430125236512,0.66
C,0.4,2,1884160,0.09263840988278389,0.665
C,0.4,2,1900544,0.03140088886022568,0.625
C,0.4,2,1916928,-0.053173791617155075,0.59
C,0.4,2,1933312,-0.11848146244883537,0.535
C,0.4,2,1949696,-0.10401069983839989,0.54
C,0.4,2,1966080,-0.06092127665877342,0.56
C,0.4,2,1982464,-0.03429679468274117,0.585
C,0.4,2,1998848,-0.07842787086963654,0.545
C,0.4,3,16384,-1.0234324932098389,0.0
C,0.4,3,32768,-1.0734316110610962,0.0
C,0.4,3,49152,-1.1132466637569924,0.0
C,0.4,3,65536,-1.2072452031649077,0.0
C,0.4,3,81920,-1.2408845799940604,0.0
C,0.4,3,98304,-1.2766664641004213,0.0
C,0.4,3,114688,-1.3008602913688212,0.0
C,0.4,3,131072,-1.3081488281153562,0.0
C,0.4,3,147456,-1.3086963853734062,0.0
C,0.4,3,163840,0.14193967148661613,0.75
C,0.4,3,180224,0.0977701161801815,0.725
C,0.4,3,196608,0.07521570429205894,0.72
C,0.4,3,212992,-0.04334020495414734,0.66
C,0.4,3,229376,-0.24970798030495645,0.55
C,0.4,3,245760,-0.4650713564455509,0.445
C,0.4,3,262144,-0.4754488901793957,0.44
C,0.4,3,278528,-0.4870471288263798,0.435
C,0.4,3,294912,-0.5313124351203442,0.405
C,0.4,3,311296,0.22609025463461876,0.785
C,0.4,3,327680,0.1512274232506752,0.745
C,0.4,3,344064,0.09862622737884522,0.72
C,0.4,3,360448,0.0541101399064064,0.69
C,0.4,3,376832,-0.16684205666184426,0.58
C,0.4,3,393216,-0.24996759444475175,0.54
C,0.4,3,409600,-0.28524001777172087,0.525
C,0.4,3,425984,-0.32668075025081633,0.5
C,0.4,3,442368,-0.37915258392691614,0.475
C,0.4,3,458752,-0.41967900812625886,0.44
C,0.4,3,475136,0.20314166873693465,0.77
C,0.4,3,491520,0.08689336448907853,0.705
C,0.4,3,507904,0.004903538227081299,0.665
C,0.4,3,524288,-0.1429644574224949,0.585
C,0.4,3,540672,-0.26711884155869486,0.515
C,0.4,3,557056,-0.16111571684479714,0.58
C,0.4,3,573440,-0.17049574017524718,0.58
C,0.4,3,589824,-0.24894176065921783,0.53
C,0.4,3,606208,-0.30529806688427924,0.5
C,0.4,3,622592,0.08735007092356682,0.705
C,0.4,3,638976,0.08271598160266876,0.7
C,0.4,3,655360,0.026886110305786134,0.67
C,0.4,3,671744,-0.05389432162046433,0.625
C,0.4,3,688128,-0.19744885921478272,0.545
C,0.4,3,704512,-0.17023012101650237,0.555
C,0.4,3,720896,-0.14134072870016098,0.57
C,0.4,3,737280,-0.19646390929818153,0.545
C,0.4,3,753664,-0.17449578046798705,0.565
C,0.4,3,770048,0.034945205450057984,0.67
C,0.4,3,786432,-0.01615977093577385,0.64
C,0.4,3,802816,-0.10857192754745483,0.58
C,0.4,3,819200,-0.18649305358529092,0.545
C,0.4,3,835584,-0.29244570463895797,0.49
C,0.4,3,851968,-0.22914918541908263,0.51
C,0.4,3,868352,-0.18751674979925156,0.545
C,0.4,3,884736,-0.2133999040722847,0.535
C,0.4,3,901120,-0.20627511769533158,0.55
C,0.4,3,917504,-0.20307155713438987,0.56
C,0.4,3,933888,-0.04231598913669586,0.625
C,0.4,3,950272,-0.07102404907345772,0.605
C,0.4,3,966656,-0.08362689644098281,0.6
C,0.4,3,983040,-0.19528590992093087,0.57
C,0.4,3,999424,-0.2254877108335495,0.555
C,0.4,3,1015808,-0.14728568226099015,0.595
C,0.4,3,1032192,-0.1132192438840866,0.6
C,0.4,3,1048576,-0.10293432489037514,0.615
C,0.4,3,1064960,-0.15195805966854095,0.585
C,0.4,3,1081344,-0.008660902827978134,0.655
C,0.4,3,1097728,-0.051072023957967755,0.62
C,0.4,3,1114112,-0.009408760964870453,0.645
C,0.4,3,1130496,-0.11140423804521561,0.59
C,0.4,3,1146880,-0.16145511001348495,0.57
C,0.4,3,1163264,-0.1575099867582321,0.565
C,0.4,3,1179648,-0.07564989060163498,0.61
C,0.4,3,1196032,-0.07789949119091034,0.62
C,0.4,3,1212416,-0.06312040582299233,0.63
C,0.4,3,1228800,0.002474008500576019,0.665
C,0.4,3,1245184,-0.043609738796949384,0.635
C,0.4,3,1261568,-0.06587976843118667,0.615
C,0.4,3,1277952,-0.0904903881251812,0.61
C,0.4,3,1294336,-0.13315435454249383,0.585
C,0.4,3,1310720,-0.09442457392811775,0.6
C,0.4,3,1327104,-0.07013894975185395,0.61
C,0.4,3,1343488,-0.0852228844165802,0.6
C,0.4,3,1359872,-0.10513045713305473,0.595
C,0.4,3,1376256,-0.09339748039841651,0.6
C,0.4,3,1392640,-0.027526700347661973,0.63
C,0.4,3,1409024,-0.03668778121471405,0.635
C,0.4,3,1425408,-0.07827929124236106,0.605
C,0.4,3,1441792,-0.046763212978839876,0.635
C,0.4,3,1458176,0.031206868290901184,0.68
C,0.4,3,1474560,0.041201126277446744,0.69
C,0.4,3,1490944,-0.030647346377372743,0.655
C,0.4,3,1507328,-0.12620964124798775,0.6
C,0.4,3,1523712,-0.11718256294727325,0.605
C,0.4,3,1540096,-0.10985826775431633,0.6
C,0.4,3,1556480,-0.10154250741004944,0.6
C,0.4,3,1572864,-0.13345054686069488,0.59
C,0.4,3,1589248,-0.1411527320742607,0.585
C,0.4,3,1605632,-0.19291211828589439,0.55
C,0.4,3,1622016,-0.04204486846923828,0.63
C,0.4,3,1638400,-0.00043537259101867677,0.655
C,0.4,3,1654784,-0.015390736907720566,0.65
C,0.4,3,1671168,-0.09200138792395592,0.605
C,0.4,3,1687552,-0.16596294045448304,0.565
C,0.4,3,1703936,-0.22545468032360078,0.52
C,0.4,3,1720320,-0.15320027858018875,0.56
C,0.4,3,1736704,-0.19077348932623864,0.52
C,0.4,3,1753088,-0.16112100914120675,0.535
C,0.4,3,1769472,-0.09627095520496369,0.575
C,0.4,3,1785856,-0.03713684052228928,0.625
C,0.4,3,1802240,-0.06478977173566819,0.61
C,0.4,3,1818624,-0.08672401458024978,0.615
C,0.4,3,1835008,-0.10376808717846871,0.6
C,0.4,3,1851392,-0.1624864123761654,0.56
C,0.4,3,1867776,-0.12992815181612968,0.585
C,0.4,3,1884160,-0.164591703414917,0.555
C,0.4,3,1900544,-0.1743910078704357,0.555
C,0.4,3,1916928,-0.14604103475809097,0.56
C,0.4,3,1933312,-0.06807212769985199,0.61
C,0.4,3,1949696,-0.027357388734817505,0.635
C,0.4,3,1966080,-0.051175126135349275,0.62
C,0.4,3,1982464,-0.0628702911734581,0.625
C,0.4,3,1998848,-0.08253687530755997,0.62
C,0.4,4,49152,-1.1294901711600167,0.0
C,0.4,4,65536,-1.1993926564852397,0.0
C,0.4,4,81920,-1.2277252602577209,0.0
C,0.4,4,98304,-1.2616731735376212,0.0
C,0.4,4,114688,-1.2808373641967774,0.0
C,0.4,4,131072,-1.2800704417690154,0.0
C,0.4,4,147456,-1.2799741104245186,0.0
C,0.4,4,163840,0.15771625205874443,0.735
C,0.4,4,180224,0.09702090874314308,0.705
C,0.4,4,196608,0.1010616172850132,0.715
C,0.4,4,212992,-0.045960320234298704,0.635
C,0.4,4,229376,-0.33435239851474763,0.47
C,0.4,4,245760,-0.554957382529974,0.35
C,0.4,4,262144,-0.5362566152215004,0.36
C,0.4,4,278528,-0.5304815343022347,0.365
C,0.4,4,294912,-0.584291622042656,0.335
C,0.4,4,311296,0.23416807159781455,0.78
C,0.4,4,327680,0.15528590992093086,0.74
C,0.4,4,344064,0.10863748773932456,0.72
C,0.4,4,360448,0.03863402709364891,0.69
C,0.4,4,376832,-0.15971132457256318,0.57
C,0.4,4,393216,-0.24936855912208558,0.525
C,0.4,4,409600,-0.23738933384418487,0.53
C,0.4,4,425984,-0.3309034872055054,0.48
C,0.4,4,442368,-0.37469233125448226,0.455
C,0.4,4,458752,-0.406551611572504,0.44
C,0.4,4,475136,0.10870254129171371,0.69
C,0.4,4,491520,0.0146061410009861,0.64
C,0.4,4,507904,-0.056742068976163865,0.61
C,0.4,4,524288,-0.1506804122030735,0.555
C,0.4,4,540672,-0.3054703629016876,0.475
C,0.4,4,557056,-0.20593424171209335,0.52
C,0.4,4,573440,-0.2147301357984543,0.535
C,0.4,4,589824,-0.19498865634202958,0.555
C,0.4,4,606208,-0.218091022670269,0.54
C,0.4,4,622592,0.033152697086334226,0.655
C,0.4,4,638976,0.052821637094020844,0.67
C,0.4,4,655360,-0.03114030808210373,0.62
C,0.4,4,671744,-0.09947001338005065,0.59
C,0.4,4,688128,-0.22806719988584517,0.525
C,0.4,4,704512,-0.10729129359126091,0.6
C,0.4,4,720896,-0.10036185815930367,0.6
C,0.4,4,737280,-0.1480038718879223,0.585
C,0.4,4,753664,-0.19682708829641343,0.56
C,0.4,4,770048,-0.014824976027011872,0.625
C,0.4,4,786432,0.00322368323802948,0.63
C,0.4,4,802816,-0.06460524708032608,0.59
C,0.4,4,819200,-0.09514252781867981,0.575
C,0.4,4,835584,-0.1497633008658886,0.555
C,0.4,4,851968,-0.03439327314496041,0.62
C,0.4,4,868352,-0.054267979860305786,0.605
C,0.4,4,884736,-0.08369278863072395,0.605
C,0.4,4,901120,-0.0616430726647377,0.625
C,0.4,4,917504,-0.10725659564137459,0.595
C,0.4,4,933888,-0.028648184686899184,0.645
C,0.4,4,950272,-0.02945845440030098,0.645
C,0.4,4,966656,-0.030794434994459153,0.645
C,0.4,4,983040,-0.1475902271270752,0.575
C,0.4,4,999424,-0.06930404558777808,0.625
C,0.4,4,1015808,-0.031164012998342514,0.63
C,0.4,4,1032192,0.0013024295866489411,0.65
C,0.4,4,1048576,-0.0817692069709301,0.595
C,0.4,4,1064960,-0.10772401660680771,0.58
C,0.4,4,1081344,-0.09249318957328796,0.59
C,0.4,4,1097728,-0.08414157837629319,0.595
C,0.4,4,1114112,-0.09379808783531189,0.59
C,0.4,4,1130496,-0.17421487495303153,0.56
C,0.4,4,1146880,-0.20930297285318375,0.555
C,0.4,4,1163264,-0.0696194151043892,0.625
C,0.4,4,1179648,-0.016305624097585677,0.65
C,0.4,4,1196032,-0.04790578961372376,0.63
C,0.4,4,1212416,-0.08772113174200058,0.61
C,0.4,4,1228800,-0.052398389726877215,0.63
C,0.4,4,1245184,-0.05786727279424667,0.62
C,0.4,4,1261568,-0.04903306841850281,0.63
C,0.4,4,1277952,-0.05502905115485191,0.625
C,0.4,4,1294336,-0.11413791880011559,0.605
C,0.4,4,1310720,-0.03352702915668487,0.645
C,0.4,4,1327104,-0.04766953647136688,0.635
C,0.4,4,1343488,-0.11415157586336136,0.585
C,0.4,4,1359872,-0.12602075561881065,0.585
C,0.4,4,1376256,-0.17583933532238005,0.56
C,0.4,4,1392640,-0.05119365647435188,0.635
C,0.4,4,1409024,-0.07182025253772735,0.615
C,0.4,4,1425408,-0.048692888468503955,0.63
C,0.4,4,1441792,-0.062022842019796375,0.63
C,0.4,4,1458176,-0.0783882474899292,0.625
C,0.4,4,1474560,-0.08153363466262817,0.615
C,0.4,4,1490944,-0.14879688307642935,0.575
C,0.4,4,1507328,-0.1592607593536377,0.57
C,0.4,4,1523712,-0.1703048211336136,0.55
C,0.4,4,1540096,-0.05252719551324844,0.605
C,0.4,4,1556480,-0.06237945482134819,0.6
C,0.4,4,1572864,-0.04099337875843048,0.63
C,0.4,4,1589248,-0.029816872477531432,0.635
C,0.4,4,1605632,-0.014269426912069321,0.66
C,0.4,4,1622016,0.0037787145376205443,0.65
C,0.4,4,1638400,-0.016761489659547806,0.645
C,0.4,4,1654784,0.021289138346910475,0.67
C,0.4,4,1671168,0.023565586358308792,0.675
C,0.4,4,1687552,0.0056324020028114315,0.665
C,0.4,4,1703936,0.0007779063284397126,0.66
C,0.4,4,1720320,-0.02863955929875374,0.65
C,0.4,4,1736704,0.00313337504863739,0.675
C,0.4,4,1753088,-0.028020684719085694,0.64
C,0.4,4,1769472,-0.033844208866357806,0.625
C,0.4,4,1785856,-0.042366192191839215,0.61
C,0.4,4,1802240,-0.05860364660620689,0.61
C,0.4,4,1818624,-0.09621649131178855,0.585
C,0.4,4,1835008,-0.1016293215751648,0.58
C,0.4,4,1851392,-0.06755347117781639,0.615
C,0.4,4,1867776,-0.07130571052432061,0.62
C,0.4,4,1884160,-0.053822990506887436,0.63
C,0.4,4,1900544,-0.02351318672299385,0.64
C,0.4,4,1916928,-0.0004549010097980499,0.635
C,0.4,4,1933312,0.021290278136730192,0.64
C,0.4,4,1949696,-0.020487733632326127,0.62
C,0.4,4,1966080,-0.05459396794438362,0.605
C,0.4,4,1982464,0.00990218386054039,0.65
C,0.4,4,1998848,-0.09149747252464295,0.59
D,0.1,0,16384,-1.0284753441810608,0.0
D,0.1,0,32768,-1.0852842794524298,0.0
D,0.1,0,49152,-1.1325605511665344,0.0
D,0.1,0,65536,-1.2259959899977353,0.0
D,0.1,0,81920,-1.2979890793561935,0.0
D,0.1,0,98304,-1.341964613199234,0.0
D,0.1,0,114688,-1.3767591196298599,0.0
D,0.1,0,131072,-1.3730431759357453,0.0
D,0.1,0,147456,-1.354311820268631,0.0
D,0.1,0,163840,-0.482072252035141,0.39
D,0.1,0,180224,-0.6759711647033692,0.295
D,0.1,0,196608,-0.8964829069375991,0.19
D,0.1,0,212992,-1.0437437939643859,0.14
D,0.1,0,229376,-0.8130946199595929,0.235
D,0.1,0,245760,-0.7893466924130916,0.245
D,0.1,0,262144,-0.8231624673306942,0.21
D,0.1,0,278528,-0.848406407982111,0.2
D,0.1,0,294912,-0.8897308950126172,0.18
D,0.1,0,311296,-0.6270283336937428,0.32
D,0.1,0,327680,-0.6224491508305072,0.315
D,0.1,0,344064,-0.5945390471816063,0.335
D,0.1,0,360448,-0.7873907788097858,0.23
D,0.1,0,376832,-0.6429820951819419,0.3
D,0.1,0,393216,-0.5535376271605492,0.345
D,0.1,0,409600,-0.590105960816145,0.335
D,0.1,0,425984,-0.5747371712327003,0.35
D,0.1,0,442368,-0.5713226835429669,0.345
D,0.1,0,458752,-0.5182498814165593,0.36
D,0.1,0,475136,-0.2881848557293415,0.48
D,0.1,0,491520,-0.31639563143253324,0.48
D,0.1,0,507904,-0.3289333340525627,0.475
D,0.1,0,524288,-0.48378453180193903,0.385
D,0.1,0,540672,-0.4199406519532204,0.415
D,0.1,0,557056,-0.4128411538898945,0.405
D,0.1,0,573440,-0.46974997475743296,0.37
D,0.1,0,589824,-0.44766918241977693,0.39
D,0.1,0,606208,-0.3843849682807922,0.435
D,0.1,0,622592,-0.2604822777211666,0.505
D,0.1,0,638976,-0.28850852206349376,0.485
D,0.1,0,655360,-0.29525365903973577,0.485
D,0.1,0,671744,-0.28986233338713646,0.495
D,0.1,0,688128,-0.3057798556983471,0.48
D,0.1,0,704512,-0.3447962059080601,0.445
D,0.1,0,720896,-0.3634187176823616,0.445
D,0.1,0,737280,-0.3435214038193226,0.465
D,0.1,0,753664,-0.3307691405713558,0.47
D,0.1,0,770048,-0.32241316720843316,0.46
D,0.1,0,786432,-0.3026351936161518,0.47
D,0.1,0,802816,-0.28077656745910645,0.48
D,0.1,0,819200,-0.3473808827996254,0.45
D,0.1,0,835584,-0.41641920045018194,0.4
D,0.1,0,851968,-0.3178355984389782,0.45
D,0.1,0,868352,-0.24057402402162553,0.49
D,0.1,0,884736,-0.1938669541478157,0.525
D,0.1,0,901120,-0.2859611487388611,0.465
D,0.1,0,917504,-0.3008758328855038,0.475
D,0.1,0,933888,-0.2714518542587757,0.475
D,0.1,0,950272,-0.20721472635865212,0.525
D,0.1,0,966656,-0.22562298014760018,0.515
D,0.1,0,983040,-0.20588432550430297,0.54
D,0.1,0,999424,-0.1988040228188038,0.525
D,0.1,0,1015808,-0.17193058356642724,0.535
D,0.1,0,1032192,-0.2201883850991726,0.5
D,0.1,0,1048576,-0.2767787507176399,0.48
D,0.1,0,1064960,-0.24465852171182634,0.51
D,0.1,0,1081344,-0.2654679010808468,0.485
D,0.1,0,1097728,-0.30052800208330155,0.465
D,0.1,0,1114112,-0.3094856469333172,0.47
D,0.1,0,1130496,-0.30711231753230095,0.48
D,0.1,0,1146880,-0.31713201135396957,0.47
D,0.1,0,1163264,-0.293507761657238,0.475
D,0.1,0,1179648,-0.3135658040642738,0.47
D,0.1,0,1196032,-0.32906355619430544,0.465
D,0.1,0,1212416,-0.3462789562344551,0.465
D,0.1,0,1228800,-0.3839806541800499,0.445
D,0.1,0,1245184,-0.37298172727227213,0.435
D,0.1,0,1261568,-0.27964378595352174,0.495
D,0.1,0,1277952,-0.26070518508553503,0.505
D,0.1,0,1294336,-0.18722427040338516,0.54
D,0.1,0,1310720,-0.22818235605955123,0.515
D,0.1,0,1327104,-0.19469636127352716,0.53
D,0.1,0,1343488,-0.23626935988664627,0.52
D,0.1,0,1359872,-0.2467475563287735,0.515
D,0.1,0,1376256,-0.29900719627738,0.5
D,0.1,0,1392640,-0.292893146276474,0.5
D,0.1,0,1409024,-0.21753778114914893,0.525
D,0.1,0,1425408,-0.22112123906612396,0.51
D,0.1,0,1441792,-0.282475840896368,0.485
D,0.1,0,1458176,-0.3075944019854069,0.485
D,0.1,0,1474560,-0.3062736067175865,0.49
D,0.1,0,1490944,-0.3567830829322338,0.44
D,0.1,0,1507328,-0.36353169083595277,0.43
D,0.1,0,1523712,-0.3536840617656708,0.435
D,0.1,0,1540096,-0.4079092180728912,0.405
D,0.1,0,1556480,-0.41881627798080445,0.39
D,0.1,0,1572864,-0.41059896677732466,0.41
D,0.1,0,1589248,-0.32564778298139574,0.455
D,0.1,0,1605632,-0.3238799721002579,0.45
D,0.1,0,1622016,-0.36139621436595915,0.435
D,0.1,0,1638400,-0.3616526560485363,0.435
D,0.1,0,1654784,-0.3111879098415375,0.48
D,0.1,0,1671168,-0.2921237786114216,0.485
D,0.1,0,1687552,-0.24820968493819237,0.495
D,0.1,0,1703936,-0.24906337410211563,0.5
D,0.1,0,1720320,-0.2283717341721058,0.505
D,0.1,0,1736704,-0.28030225083231924,0.485
D,0.1,0,1753088,-0.30235979437828064,0.47
D,0.1,0,1769472,-0.33140878304839133,0.45
D,0.1,0,1785856,-0.35542196705937384,0.425
D,0.1,0,1802240,-0.3418849319219589,0.445
D,0.1,0,1818624,-0.30338347285985945,0.465
D,0.1,0,1835008,-0.30503435924649236,0.48
D,0.1,0,1851392,-0.23181231081485748,0.53
D,0.1,0,1867776,-0.22094718113541603,0.535
D,0.1,0,1884160,-0.2008836917579174,0.545
D,0.1,0,1900544,-0.20687985613942148,0.525
D,0.1,0,1916928,-0.3097428394854069,0.465
D,0.1,0,1933312,-0.3497214119136334,0.455
D,0.1,0,1949696,-0.3296337389945984,0.46
D,0.1,0,1966080,-0.2640562714636326,0.5
D,0.1,0,1982464,-0.19499094784259796,0.53
D,0.1,0,1998848,-0.2263428847491741,0.505
D,0.1,1,32768,-1.0834723711013794,0.0
D,0.1,1,49152,-1.139227420091629,0.0
D,0.1,1,65536,-1.2308125345795242,0.0
D,0.1,1,81920,-1.3025153005123138,0.0
D,0.1,1,98304,-1.3596719956398011,0.0
D,0.1,1,114688,-1.379202920794487,0.0
D,0.1,1,131072,-1.3719638174772262,0.0
D,0.1,1,147456,-1.3597888576984405,0.0
D,0.1,1,163840,-0.29718789547681806,0.525
D,0.1,1,180224,-0.46299261510372164,0.455
D,0.1,1,196608,-0.8035319504141808,0.265
D,0.1,1,212992,-1.0011862368881703,0.16
D,0.1,1,229376,-0.7708349047601223,0.26
D,0.1,1,245760,-0.6807376259565353,0.295
D,0.1,1,262144,-0.7526620376110077,0.26
D,0.1,1,278528,-0.8376824323832989,0.235
D,0.1,1,294912,-0.8762858065962792,0.215
D,0.1,1,311296,-0.590515733063221,0.35
D,0.1,1,327680,-0.5865565364062786,0.345
D,0.1,1,344064,-0.5208689108490944,0.39
D,0.1,1,360448,-0.7142751254141331,0.3
D,0.1,1,376832,-0.6172993388772011,0.34
D,0.1,1,393216,-0.5460981902480125,0.36
D,0.1,1,409600,-0.5797930012643338,0.34
D,0.1,1,425984,-0.6309193089604378,0.315
D,0.1,1,442368,-0.6109253342449665,0.335
D,0.1,1,458752,-0.6099629087746143,0.33
D,0.1,1,475136,-0.5722019347548485,0.33
D,0.1,1,491520,-0.6316691462695598,0.3
D,0.1,1,507904,-0.6148636612296104,0.31
D,0.1,1,524288,-0.5623140257596969,0.33
D,0.1,1,540672,-0.49032297655940055,0.365
D,0.1,1,557056,-0.42973033964633944,0.395
D,0.1,1,573440,-0.447136242389679,0.395
D,0.1,1,589824,-0.46238255605101586,0.385
D,0.1,1,606208,-0.48477995827794074,0.38
D,0.1,1,622592,-0.4588384822010994,0.37
D,0.1,1,638976,-0.42089880496263504,0.38
D,0.1,1,655360,-0.4106874930858612,0.395
D,0.1,1,671744,-0.44923032641410826,0.385
D,0.1,1,688128,-0.44297512412071227,0.395
D,0.1,1,704512,-0.39639120385050775,0.41
D,0.1,1,720896,-0.353808072656393,0.435
D,0.1,1,737280,-0.33403905615210533,0.455
D,0.1,1,753664,-0.3500099913775921,0.46
D,0.1,1,770048,-0.33162622302770617,0.465
D,0.1,1,786432,-0.30670802637934685,0.475
D,0.1,1,802816,-0.3601422044634819,0.44
D,0.1,1,819200,-0.4129589089751244,0.4
D,0.1,1,835584,-0.34997771874070166,0.42
D,0.1,1,851968,-0.34420360907912256,0.42
D,0.1,1,868352,-0.3502390106022358,0.42
D,0.1,1,884736,-0.4129494346678257,0.4
D,0.1,1,901120,-0.3296563310921192,0.455
D,0.1,1,917504,-0.38222590416669844,0.41
D,0.1,1,933888,-0.40700195997953414,0.395
D,0.1,1,950272,-0.4784847810864449,0.35
D,0.1,1,966656,-0.3898429003357887,0.42
D,0.1,1,983040,-0.33184303909540175,0.46
D,0.1,1,999424,-0.29704630613327027,0.48
D,0.1,1,1015808,-0.25080726042389867,0.51
D,0.1,1,1032192,-0.24862982377409934,0.505
D,0.1,1,1048576,-0.2592070698738098,0.51
D,0.1,1,1064960,-0.2710405698418617,0.505
D,0.1,1,1081344,-0.24526085451245308,0.52
D,0.1,1,1097728,-0.24094847783446313,0.515
D,0.1,1,1114112,-0.30450071647763255,0.465
D,0.1,1,1130496,-0.3808034808933735,0.42
D,0.1,1,1146880,-0.3999241596460342,0.4
D,0.1,1,1163264,-0.3642418782413006,0.43
D,0.1,1,1179648,-0.3440421460568905,0.44
D,0.1,1,1196032,-0.2678150233626366,0.49
D,0.1,1,1212416,-0.22916389778256416,0.5
D,0.1,1,1228800,-0.2513636092841625,0.48
D,0.1,1,1245184,-0.20455223381519316,0.51
D,0.1,1,1261568,-0.22504113033413886,0.51
D,0.1,1,1277952,-0.23284839883446692,0.505
D,0.1,1,1294336,-0.25632550060749054,0.485
D,0.1,1,1310720,-0.23964543730020524,0.505
D,0.1,1,1327104,-0.3065641504526138,0.475
D,0.1,1,1343488,-0.2526901246607304,0.51
D,0.1,1,1359872,-0.2011047360301018,0.54
D,0.1,1,1376256,-0.1952883033454418,0.535
D,0.1,1,1392640,-0.27956600099802015,0.485
D,0.1,1,1409024,-0.2633461880683899,0.51
D,0.1,1,1425408,-0.2484654614329338,0.51
D,0.1,1,1441792,-0.2919743822515011,0.485
D,0.1,1,1458176,-0.29248022139072416,0.465
D,0.1,1,1474560,-0.3113364440202713,0.455
D,0.1,1,1490944,-0.3347868809103966,0.445
D,0.1,1,1507328,-0.38914405792951584,0.435
D,0.1,1,1523712,-0.3815793378651142,0.44
D,0.1,1,1540096,-0.2508003081381321,0.515
D,0.1,1,1556480,-0.2400964766740799,0.51
D,0.1,1,1572864,-0.2073719882965088,0.52
D,0.1,1,1589248,-0.2889083679020405,0.47
D,0.1,1,1605632,-0.3159776349365711,0.47
D,0.1,1,1622016,-0.30755290389060974,0.485
D,0.1,1,1638400,-0.3486885556578636,0.455
D,0.1,1,1654784,-0.3118714091181755,0.47
D,0.1,1,1671168,-0.2611314770579338,0.5
D,0.1,1,1687552,-0.22188278779387474,0.525
D,0.1,1,1703936,-0.19939867183566093,0.55
D,0.1,1,1720320,-0.18279416009783744,0.56
D,0.1,1,1736704,-0.1430281652510166,0.565
D,0.1,1,1753088,-0.13111066177487374,0.565
D,0.1,1,1769472,-0.1806418016552925,0.535
D,0.1,1,1785856,-0.2524236324429512,0.485
D,0.1,1,1802240,-0.2620843328535557,0.485
D,0.1,1,1818624,-0.17504525318741798,0.53
D,0.1,1,1835008,-0.16775087460875512,0.545
D,0.1,1,1851392,-0.1898503117263317,0.535
D,0.1,1,1867776,-0.24843955382704735,0.495
D,0.1,1,1884160,-0.21576493993401527,0.515
D,0.1,1,1900544,-0.16450813800096512,0.545
D,0.1,1,1916928,-0.1760445937514305,0.545
D,0.1,1,1933312,-0.1953996115922928,0.535
D,0.1,1,1949696,-0.23647546619176865,0.51
D,0.1,1,1966080,-0.21025253102183342,0.52
D,0.1,1,1982464,-0.20130231678485871,0.51
D,0.1,1,1998848,-0.240507146269083,0.495
D,0.1,2,32768,-1.0825640112161636,0.0
D,0.1,2,49152,-1.1519170438542086,0.0
D,0.1,2,65536,-1.2160666035367298,0.0
D,0.1,2,81920,-1.2827091962099075,0.0
D,0.1,2,98304,-1.3314886105060577,0.0
D,0.1,2,114688,-1.3678585714101792,0.0
D,0.1,2,131072,-1.3639812326431275,0.0
D,0.1,2,147456,-1.3493690496683122,0.0
D,0.1,2,163840,-0.3658108451962471,0.465
D,0.1,2,180224,-0.5087234060466289,0.4
D,0.1,2,196608,-0.8861656287312507,0.2
D,0.1,2,212992,-1.028668053150177,0.135
D,0.1,2,229376,-0.8002092581987381,0.24
D,0.1,2,245760,-0.7430981203913689,0.28
D,0.1,2,262144,-0.7427549389004707,0.28
D,0.1,2,278528,-0.8622779555618763,0.21
D,0.1,2,294912,-0.9288166828453541,0.18
D,0.1,2,311296,-0.6647516718506813,0.3
D,0.1,2,327680,-0.5822120936214924,0.34
D,0.1,2,344064,-0.4915914870798588,0.4
D,0.1,2,360448,-0.6472094129025936,0.32
D,0.1,2,376832,-0.6168440291285515,0.32
D,0.1,2,393216,-0.5888419868052006,0.33
D,0.1,2,409600,-0.5695941174030303,0.34
D,0.1,2,425984,-0.6105125379562378,0.32
D,0.1,2,442368,-0.6698163329064846,0.29
D,0.1,2,458752,-0.684564292728901,0.285
D,0.1,2,475136,-0.5099241605401039,0.385
D,0.1,2,491520,-0.5035814374685288,0.395
D,0.1,2,507904,-0.4829333916306496,0.41
D,0.1,2,524288,-0.5807859329879284,0.35
D,0.1,2,540672,-0.5056299124658108,0.385
D,0.1,2,557056,-0.6075478731095791,0.34
D,0.1,2,573440,-0.5684790094196797,0.365
D,0.1,2,589824,-0.5886153782904148,0.35
D,0.1,2,606208,-0.5343746210634709,0.355
D,0.1,2,622592,-0.4429247124493122,0.395
D,0.1,2,638976,-0.4065760688483715,0.435
D,0.1,2,655360,-0.38543102249503136,0.47
D,0.1,2,671744,-0.489140278249979,0.415
D,0.1,2,688128,-0.46310838893055917,0.415
D,0.1,2,704512,-0.4670147728919983,0.405
D,0.1,2,720896,-0.4435686157643795,0.42
D,0.1,2,737280,-0.4847943158447742,0.405
D,0.1,2,753664,-0.49002783313393594,0.405
D,0.1,2,770048,-0.4530274704098701,0.425
D,0.1,2,786432,-0.4119499117136002,0.445
D,0.1,2,802816,-0.39136284291744233,0.445
D,0.1,2,819200,-0.3855512782931328,0.445
D,0.1,2,835584,-0.33861995980143544,0.475
D,0.1,2,851968,-0.3769881796836853,0.455
D,0.1,2,868352,-0.4241222018003464,0.43
D,0.1,2,884736,-0.4761162012815475,0.38
D,0.1,2,901120,-0.4972164683043957,0.355
D,0.1,2,917504,-0.4511268921196461,0.39
D,0.1,2,933888,-0.38256123825907706,0.435
D,0.1,2,950272,-0.34909472063183783,0.465
D,0.1,2,966656,-0.42557576552033427,0.405
D,0.1,2,983040,-0.4707037976384163,0.37
D,0.1,2,999424,-0.4809900188446045,0.37
D,0.1,2,1015808,-0.34200489237904547,0.45
D,0.1,2,1032192,-0.34777402371168137,0.46
D,0.1,2,1048576,-0.3543718820810318,0.46
D,0.1,2,1064960,-0.38147451415657996,0.455
D,0.1,2,1081344,-0.3286747047305107,0.475
D,0.1,2,1097728,-0.33866775169968605,0.465
D,0.1,2,1114112,-0.33010868564248086,0.47
D,0.1,2,1130496,-0.3243305978178978,0.46
D,0.1,2,1146880,-0.33947019577026366,0.46
D,0.1,2,1163264,-0.3064907358586788,0.475
D,0.1,2,1179648,-0.2756757183372974,0.49
D,0.1,2,1196032,-0.30078003093600275,0.475
D,0.1,2,1212416,-0.3036604742705822,0.475
D,0.1,2,1228800,-0.3492156645655632,0.45
D,0.1,2,1245184,-0.3385102595388889,0.445
D,0.1,2,1261568,-0.33624858483672143,0.45
D,0.1,2,1277952,-0.33372965067625043,0.455
D,0.1,2,1294336,-0.3588767391443253,0.45
D,0.1,2,1310720,-0.3766083101928234,0.43
D,0.1,2,1327104,-0.38298902943730356,0.41
D,0.1,2,1343488,-0.3460835973918438,0.43
D,0.1,2,1359872,-0.2566789835691452,0.49
D,0.1,2,1376256,-0.24869674131274222,0.495
D,0.1,2,1392640,-0.26257464617490767,0.485
D,0.1,2,1409024,-0.27857657104730604,0.48
D,0.1,2,1425408,-0.28879961103200913,0.48
D,0.1,2,1441792,-0.28018012791872027,0.5
D,0.1,2,1458176,-0.28142903357744214,0.495
D,0.1,2,1474560,-0.30616688206791876,0.485
D,0.1,2,1490944,-0.32086257010698316,0.465
D,0.1,2,1507328,-0.3205915226042271,0.47
D,0.1,2,1523712,-0.299177847802639,0.485
D,0.1,2,1540096,-0.3195118211209774,0.48
D,0.1,2,1556480,-0.2870186701416969,0.5
D,0.1,2,1572864,-0.28931488588452337,0.5
D,0.1,2,1589248,-0.24973050475120545,0.525
D,0.1,2,1605632,-0.2869878663122654,0.49
D,0.1,2,1622016,-0.29288123473525046,0.485
D,0.1,2,1638400,-0.28187686115503313,0.49
D,0.1,2,1654784,-0.24091234937310219,0.51
D,0.1,2,1671168,-0.24243299379944802,0.505
D,0.1,2,1687552,-0.25165519788861274,0.5
D,0.1,2,1703936,-0.24967337429523467,0.52
D,0.1,2,1720320,-0.25018276199698447,0.515
D,0.1,2,1736704,-0.2309541268646717,0.51
D,0.1,2,1753088,-0.2382156430184841,0.5
D,0.1,2,1769472,-0.21996485829353332,0.515
D,0.1,2,1785856,-0.22907292544841767,0.515
D,0.1,2,1802240,-0.1658315294981003,0.565
D,0.1,2,1818624,-0.1467642056941986,0.575
D,0.1,2,1835008,-0.13503530547022818,0.585
D,0.1,2,1851392,-0.14504737675189971,0.565
D,0.1,2,1867776,-0.14083397269248962,0.565
D,0.1,2,1884160,-0.21513284102082253,0.525
D,0.1,2,1900544,-0.19577765300869943,0.545
D,0.1,2,1916928,-0.2757379761338234,0.495
D,0.1,2,1933312,-0.18543866530060768,0.535
D,0.1,2,1949696,-0.18480011612176894,0.535
D,0.1,2,1966080,-0.16188289269804954,0.55
D,0.1,2,1982464,-0.18099429845809936,0.55
D,0.1,2,1998848,-0.1672274450957775,0.56
D,0.1,3,16384,-1.0282342433929443,0.0
D,0.1,3,32768,-1.0730871070515027,0.0
D,0.1,3,49152,-1.13947048385938,0.0
D,0.1,3,65536,-1.2329049019214233,0.0
D,0.1,3,81920,-1.3117702424526214,0.0
D,0.1,3,98304,-1.3771082484722137,0.0
D,0.1,3,114688,-1.4033439254760742,0.0
D,0.1,3,131072,-1.400345031619072,0.0
D,0.1,3,147456,-1.3740796375274658,0.0
D,0.1,3,163840,-0.5732382035255432,0.385
D,0.1,3,180224,-0.5761240923404694,0.385
D,0.1,3,196608,-0.8837653890252113,0.225
D,0.1,3,212992,-1.1002849274873734,0.115
D,0.1,3,229376,-0.8769006299972534,0.21
D,0.1,3,245760,-0.7475341516733169,0.28
D,0.1,3,262144,-0.7615579421818256,0.285
D,0.1,3,278528,-0.7433717012405395,0.305
D,0.1,3,294912,-0.7586164389550686,0.28
D,0.1,3,311296,-0.6212336799502373,0.29
D,0.1,3,327680,-0.6453407299518585,0.285
D,0.1,3,344064,-0.59919169485569,0.305
D,0.1,3,360448,-0.6985095296800137,0.26
D,0.1,3,376832,-0.6893216863274574,0.265
D,0.1,3,393216,-0.584548169374466,0.32
D,0.1,3,409600,-0.5403100281953812,0.35
D,0.1,3,425984,-0.5610575367510319,0.35
D,0.1,3,442368,-0.57707284450531,0.34
D,0.1,3,458752,-0.5662605190277099,0.33
D,0.1,3,475136,-0.4481092444062233,0.38
D,0.1,3,491520,-0.46093629017472265,0.385
D,0.1,3,507904,-0.5086887061595917,0.36
D,0.1,3,524288,-0.5489265424013138,0.345
D,0.1,3,540672,-0.44423648476600647,0.4
D,0.1,3,557056,-0.3688361133635044,0.44
D,0.1,3,573440,-0.3524436853826046,0.45
D,0.1,3,589824,-0.35055944323539734,0.44
D,0.1,3,606208,-0.3823012222349644,0.42
D,0.1,3,622592,-0.34464103788137435,0.43
D,0.1,3,638976,-0.344756813198328,0.445
D,0.1,3,655360,-0.3335585205256939,0.46
D,0.1,3,671744,-0.42939613670110705,0.42
D,0.1,3,688128,-0.4355182793736458,0.4
D,0.1,3,704512,-0.39878751039505006,0.42
D,0.1,3,720896,-0.2991745162010193,0.48
D,0.1,3,737280,-0.27924079850316047,0.5
D,0.1,3,753664,-0.31995376959443095,0.465
D,0.1,3,770048,-0.3089316362142563,0.465
D,0.1,3,786432,-0.3304635241627693,0.46
D,0.1,3,802816,-0.32451873034238815,0.47
D,0.1,3,819200,-0.36136298820376395,0.46
D,0.1,3,835584,-0.30735824584960936,0.5
D,0.1,3,851968,-0.22411203041672706,0.54
D,0.1,3,868352,-0.22294169783592224,0.535
D,0.1,3,884736,-0.23027059614658354,0.525
D,0.1,3,901120,-0.3291732503473759,0.465
D,0.1,3,917504,-0.3857157048583031,0.435
D,0.1,3,933888,-0.36979039162397387,0.45
D,0.1,3,950272,-0.28784415125846863,0.49
D,0.1,3,966656,-0.2873036126792431,0.485
D,0.1,3,983040,-0.27648994758725165,0.485
D,0.1,3,999424,-0.2547495001554489,0.51
D,0.1,3,1015808,-0.2151396207511425,0.53
D,0.1,3,1032192,-0.26633207246661184,0.515
D,0.1,3,1048576,-0.24549340724945068,0.525
D,0.1,3,1064960,-0.2586187547445297,0.515
D,0.1,3,1081344,-0.22839993476867676,0.52
D,0.1,3,1097728,-0.28173953011631964,0.495
D,0.1,3,1114112,-0.2826136602461338,0.5
D,0.1,3,1130496,-0.2341141863167286,0.545
D,0.1,3,1146880,-0.1938314689695835,0.565
D,0.1,3,1163264,-0.174865555614233,0.585
D,0.1,3,1179648,-0.21970628142356874,0.555
D,0.1,3,1196032,-0.2218605613708496,0.555
D,0.1,3,1212416,-0.2367381300032139,0.55
D,0.1,3,1228800,-0.2742724052071571,0.525
D,0.1,3,1245184,-0.2876741595566273,0.495
D,0.1,3,1261568,-0.2524063095450401,0.5
D,0.1,3,1277952,-0.2198045502603054,0.525
D,0.1,3,1294336,-0.20558283403515815,0.54
D,0.1,3,1310720,-0.21155046209692954,0.52
D,0.1,3,1327104,-0.22951669111847878,0.505
D,0.1,3,1343488,-0.18776263773441315,0.535
D,0.1,3,1359872,-0.2385644406080246,0.515
D,0.1,3,1376256,-0.2607791757583618,0.51
D,0.1,3,1392640,-0.17715107277035713,0.56
D,0.1,3,1409024,-0.1518140783905983,0.58
D,0.1,3,1425408,-0.22363521173596382,0.545
D,0.1,3,1441792,-0.28514126971364023,0.495
D,0.1,3,1458176,-0.23236711010336875,0.535
D,0.1,3,1474560,-0.21105920583009719,0.555
D,0.1,3,1490944,-0.25766273111104965,0.535
D,0.1,3,1507328,-0.32429978042840957,0.495
D,0.1,3,1523712,-0.27799160063266753,0.515
D,0.1,3,1540096,-0.21727963745594026,0.55
D,0.1,3,1556480,-0.23996589809656144,0.53
D,0.1,3,1572864,-0.2791196544468403,0.505
D,0.1,3,1589248,-0.30777243241667745,0.49
D,0.1,3,1605632,-0.24815441697835922,0.52
D,0.1,3,1622016,-0.22880564287304878,0.515
D,0.1,3,1638400,-0.22010476008057595,0.52
D,0.1,3,1654784,-0.2504285599291325,0.505
D,0.1,3,1671168,-0.2349933460354805,0.53
D,0.1,3,1687552,-0.25740922048687936,0.515
D,0.1,3,1703936,-0.22969216167926787,0.545
D,0.1,3,1720320,-0.2568221366405487,0.53
D,0.1,3,1736704,-0.22984815388917923,0.545
D,0.1,3,1753088,-0.18840207889676094,0.56
D,0.1,3,1769472,-0.19498442843556404,0.565
D,0.1,3,1785856,-0.2267474915087223,0.545
D,0.1,3,1802240,-0.19948354080319405,0.56
D,0.1,3,1818624,-0.16085437774658204,0.575
D,0.1,3,1835008,-0.09653008803725242,0.6
D,0.1,3,1851392,-0.14162669360637664,0.575
D,0.1,3,1867776,-0.16238573774695397,0.56
D,0.1,3,1884160,-0.13733575537800788,0.59
D,0.1,3,1900544,-0.1532924535870552,0.58
D,0.1,3,1916928,-0.10015421777963639,0.615
D,0.1,3,1933312,-0.1429719889163971,0.57
D,0.1,3,1949696,-0.15234547942876817,0.57
D,0.1,3,1966080,-0.19908648997545242,0.54
D,0.1,3,1982464,-0.2580979132652283,0.51
D,0.1,3,1998848,-0.21632291838526727,0.53
D,0.1,4,32768,-1.0960786640644073,0.0
D,0.1,4,49152,-1.1484739351272584,0.0
D,0.1,4,65536,-1.2147329326148506,0.0
D,0.1,4,81920,-1.2476421511173248,0.0
D,0.1,4,98304,-1.3075505942106247,0.0
D,0.1,4,114688,-1.3502995538711549,0.0
D,0.1,4,131072,-1.3555579155683517,0.0
D,0.1,4,147456,-1.3559077674150466,0.0
D,0.1,4,163840,-0.035867107212543485,0.625
D,0.1,4,180224,-0.4030815987288952,0.445
D,0.1,4,196608,-0.5808538247644901,0.36
D,0.1,4,212992,-0.74645641669631,0.28
D,0.1,4,229376,-0.8189937195181847,0.225
D,0.1,4,245760,-0.7058282452821731,0.27
D,0.1,4,262144,-0.7772222672402859,0.24
D,0.1,4,278528,-0.7549419429898262,0.255
D,0.1,4,294912,-0.7495648860931396,0.27
D,0.1,4,311296,-0.43049481138587,0.39
D,0.1,4,327680,-0.4577821397781372,0.365
D,0.1,4,344064,-0.5435129940509796,0.325
D,0.1,4,360448,-0.7196227543056011,0.26
D,0.1,4,376832,-0.6981756773591041,0.27
D,0.1,4,393216,-0.5033279167115688,0.355
D,0.1,4,409600,-0.4741507522761822,0.375
D,0.1,4,425984,-0.44196171447634697,0.4
D,0.1,4,442368,-0.5557209673523903,0.335
D,0.1,4,458752,-0.533361365199089,0.35
D,0.1,4,475136,-0.4647994711995125,0.365
D,0.1,4,491520,-0.4130518686771393,0.41
D,0.1,4,507904,-0.44127931132912634,0.415
D,0.1,4,524288,-0.4010119815170765,0.43
D,0.1,4,540672,-0.3406819625198841,0.47
D,0.1,4,557056,-0.39789338618516923,0.425
D,0.1,4,573440,-0.4209982545673847,0.42
D,0.1,4,589824,-0.4315248154103756,0.405
D,0.1,4,606208,-0.44839088633656504,0.395
D,0.1,4,622592,-0.3618290151655674,0.435
D,0.1,4,638976,-0.22919869884848595,0.5
D,0.1,4,655360,-0.25661654949188234,0.495
D,0.1,4,671744,-0.26011847749352457,0.51
D,0.1,4,688128,-0.2749988164007664,0.505
D,0.1,4,704512,-0.2487925310432911,0.505
D,0.1,4,720896,-0.27729639247059823,0.475
D,0.1,4,737280,-0.30992202877998354,0.46
D,0.1,4,753664,-0.3209518472850323,0.465
D,0.1,4,770048,-0.24881644308567047,0.51
D,0.1,4,786432,-0.1810856904089451,0.545
D,0.1,4,802816,-0.1848749862611294,0.535
D,0.1,4,819200,-0.25415597707033155,0.495
D,0.1,4,835584,-0.30781851917505265,0.455
D,0.1,4,851968,-0.26595244780182836,0.48
D,0.1,4,868352,-0.27564907193183896,0.465
D,0.1,4,884736,-0.24259024932980539,0.495
D,0.1,4,901120,-0.2973957613110542,0.47
D,0.1,4,917504,-0.26835986733436584,0.495
D,0.1,4,933888,-0.2292475038766861,0.52
D,0.1,4,950272,-0.17824745818972587,0.55
D,0.1,4,966656,-0.22518380463123322,0.51
D,0.1,4,983040,-0.3103192861378193,0.46
D,0.1,4,999424,-0.3389060726761818,0.445
D,0.1,4,1015808,-0.2854242011904716,0.485
D,0.1,4,1032192,-0.2209148171544075,0.53
D,0.1,4,1048576,-0.24192603275179864,0.525
D,0.1,4,1064960,-0.23818526700139045,0.535
D,0.1,4,1081344,-0.2577633525431156,0.525
D,0.1,4,1097728,-0.27013724982738496,0.51
D,0.1,4,1114112,-0.2866011071205139,0.495
D,0.1,4,1130496,-0.2559516304731369,0.5
D,0.1,4,1146880,-0.20910359933972358,0.52
D,0.1,4,1163264,-0.1622400327026844,0.55
D,0.1,4,1179648,-0.2426288340985775,0.49
D,0.1,4,1196032,-0.2209647762775421,0.495
D,0.1,4,1212416,-0.2452703107893467,0.485
D,0.1,4,1228800,-0.17984343960881233,0.535
D,0.1,4,1245184,-0.10662602558732033,0.59
D,0.1,4,1261568,-0.06708865314722061,0.62
D,0.1,4,1277952,-0.12441992536187171,0.595
D,0.1,4,1294336,-0.1995837287604809,0.54
D,0.1,4,1310720,-0.30285815507173536,0.485
D,0.1,4,1327104,-0.3405031435191631,0.465
D,0.1,4,1343488,-0.2946214030683041,0.49
D,0.1,4,1359872,-0.3052383728325367,0.48
D,0.1,4,1376256,-0.2709617215394974,0.5
D,0.1,4,1392640,-0.24143577232956887,0.51
D,0.1,4,1409024,-0.22284481197595596,0.52
D,0.1,4,1425408,-0.23409066021442412,0.51
D,0.1,4,1441792,-0.24396575704216958,0.505
D,0.1,4,1458176,-0.2752527977526188,0.495
D,0.1,4,1474560,-0.20209099724888802,0.54
D,0.1,4,1490944,-0.1885872372984886,0.55
D,0.1,4,1507328,-0.186490820646286,0.555
D,0.1,4,1523712,-0.21712937995791434,0.535
D,0.1,4,1540096,-0.2515694050490856,0.52
D,0.1,4,1556480,-0.25180177375674245,0.515
D,0.1,4,1572864,-0.2531724773347378,0.53
D,0.1,4,1589248,-0.19850005730986595,0.55
D,0.1,4,1605632,-0.1614302736520767,0.57
D,0.1,4,1622016,-0.17498926147818566,0.555
D,0.1,4,1638400,-0.28981500163674356,0.49
D,0.1,4,1654784,-0.2697376976907253,0.51
D,0.1,4,1671168,-0.2850806646049023,0.495
D,0.1,4,1687552,-0.20362613692879677,0.545
D,0.1,4,1703936,-0.2681896536052227,0.5
D,0.1,4,1720320,-0.20585649967193603,0.53
D,0.1,4,1736704,-0.21787165686488152,0.515
D,0.1,4,1753088,-0.2136169245839119,0.52
D,0.1,4,1769472,-0.26035699173808097,0.49
D,0.1,4,1785856,-0.2705514700710773,0.475
D,0.1,4,1802240,-0.26974334836006164,0.475
D,0.1,4,1818624,-0.3183829851448536,0.465
D,0.1,4,1835008,-0.27001799166202545,0.495
D,0.1,4,1851392,-0.29677210360765455,0.475
D,0.1,4,1867776,-0.29682443648576734,0.45
D,0.1,4,1884160,-0.26566145971417426,0.47
D,0.1,4,1900544,-0.26838438004255294,0.47
D,0.1,4,1916928,-0.24247431263327598,0.505
D,0.1,4,1933312,-0.24090320259332657,0.5
D,0.1,4,1949696,-0.20279403015971184,0.545
D,0.1,4,1966080,-0.24942707672715186,0.52
D,0.1,4,1982464,-0.245035812407732,0.52
D,0.1,4,1998848,-0.22154782384634017,0.53
D,0.2,0,16384,-1.027102768421173,0.0
D,0.2,0,32768,-1.0791390041510265,0.0
D,0.2,0,49152,-1.1278407112244637,0.0
D,0.2,0,65536,-1.2174078293566435,0.0
D,0.2,0,81920,-1.266476742385589,0.0
D,0.2,0,98304,-1.3238336551189422,0.0
D,0.2,0,114688,-1.3608461582660676,0.0
D,0.2,0,131072,-1.3651290327310561,0.0
D,0.2,0,147456,-1.3720932179689407,0.0
D,0.2,0,163840,-0.12233562648296356,0.545
D,0.2,0,180224,-0.21746864497661592,0.52
D,0.2,0,196608,-0.31199288785457613,0.47
D,0.2,0,212992,-0.4611361436545849,0.39
D,0.2,0,229376,-0.629243478178978,0.345
D,0.2,0,245760,-0.435770824700594,0.425
D,0.2,0,262144,-0.4837708650529385,0.395
D,0.2,0,278528,-0.4797487236559391,0.39
D,0.2,0,294912,-0.4934629428386688,0.385
D,0.2,0,311296,-0.0026430100202560424,0.655
D,0.2,0,327680,-0.024205751419067383,0.64
D,0.2,0,344064,-0.12215906977653504,0.585
D,0.2,0,360448,-0.23671324893832207,0.525
D,0.2,0,376832,-0.401742917150259,0.42
D,0.2,0,393216,-0.2555607986450195,0.5
D,0.2,0,409600,-0.2151420758664608,0.53
D,0.2,0,425984,-0.2661945705115795,0.515
D,0.2,0,442368,-0.3217419447004795,0.475
D,0.2,0,458752,-0.4288126586377621,0.42
D,0.2,0,475136,-0.14560212686657906,0.55
D,0.2,0,491520,-0.13964143186807632,0.545
D,0.2,0,507904,-0.22450607493519784,0.51
D,0.2,0,524288,-0.3027820289134979,0.48
D,0.2,0,540672,-0.24829113706946374,0.505
D,0.2,0,557056,-0.20805993437767029,0.525
D,0.2,0,573440,-0.2523378962278366,0.505
D,0.2,0,589824,-0.29787203088402747,0.48
D,0.2,0,606208,-0.27595120161771775,0.49
D,0.2,0,622592,-0.11078233942389488,0.54
D,0.2,0,638976,-0.14714868381619453,0.52
D,0.2,0,655360,-0.1945781846344471,0.515
D,0.2,0,671744,-0.21180098205804826,0.52
D,0.2,0,688128,-0.18178891599178315,0.54
D,0.2,0,704512,-0.12817556843161582,0.565
D,0.2,0,720896,-0.18412611201405527,0.54
D,0.2,0,737280,-0.18990047201514243,0.555
D,0.2,0,753664,-0.2711018551886082,0.505
D,0.2,0,770048,-0.061905119419097904,0.62
D,0.2,0,786432,-0.03334324464201927,0.62
D,0.2,0,802816,-0.07628753870725631,0.585
D,0.2,0,819200,-0.08826407223939896,0.58
D,0.2,0,835584,-0.21757949382066727,0.5
D,0.2,0,851968,-0.20486226439476013,0.515
D,0.2,0,868352,-0.1599058537185192,0.54
D,0.2,0,884736,-0.1285129338502884,0.555
D,0.2,0,901120,-0.13564443379640578,0.555
D,0.2,0,917504,-0.08066823706030846,0.58
D,0.2,0,933888,-0.002681165337562561,0.62
D,0.2,0,950272,0.014301198422908784,0.615
D,0.2,0,966656,-0.017601833492517472,0.6
D,0.2,0,983040,-0.11819571614265442,0.545
D,0.2,0,999424,-0.0816296298801899,0.57
D,0.2,0,1015808,-0.034738518595695496,0.6
D,0.2,0,1032192,-0.01349560409784317,0.615
D,0.2,0,1048576,-0.05385556131601334,0.59
D,0.2,0,1064960,-0.06915901467204094,0.585
D,0.2,0,1081344,0.02266087383031845,0.635
D,0.2,0,1097728,0.04022329270839691,0.65
D,0.2,0,1114112,-0.007649525254964829,0.625
D,0.2,0,1130496,-0.061802919059991836,0.59
D,0.2,0,1146880,-0.034847477674484255,0.615
D,0.2,0,1163264,-0.028237392604351045,0.6
D,0.2,0,1179648,-0.019717585146427154,0.61
D,0.2,0,1196032,-0.01929037570953369,0.615
D,0.2,0,1212416,-0.054647098928689956,0.59
D,0.2,0,1228800,-0.030644704550504685,0.595
D,0.2,0,1245184,-0.004242789000272751,0.62
D,0.2,0,1261568,-0.011755314916372299,0.625
D,0.2,0,1277952,-0.026141659766435624,0.63
D,0.2,0,1294336,-0.051331549286842346,0.6
D,0.2,0,1310720,-0.04503580152988434,0.605
D,0.2,0,1327104,-0.017209782898426056,0.635
D,0.2,0,1343488,-0.002930610030889511,0.64
D,0.2,0,1359872,0.004697953015565872,0.65
D,0.2,0,1376256,-0.04441608533263206,0.62
D,0.2,0,1392640,-0.055816902220249175,0.59
D,0.2,0,1409024,-0.010969575196504593,0.61
D,0.2,0,1425408,-0.018382257521152495,0.605
D,0.2,0,1441792,0.021261686533689497,0.65
D,0.2,0,1458176,-0.003028586059808731,0.625
D,0.2,0,1474560,-0.007585814446210861,0.62
D,0.2,0,1490944,-0.040558003336191174,0.595
D,0.2,0,1507328,-0.10391978204250335,0.555
D,0.2,0,1523712,-0.0978265419602394,0.565
D,0.2,0,1540096,-0.009741262197494507,0.62
D,0.2,0,1556480,0.009644763618707657,0.64
D,0.2,0,1572864,-0.03550287738442421,0.605
D,0.2,0,1589248,0.01177560031414032,0.645
D,0.2,0,1605632,-0.034143492430448535,0.62
D,0.2,0,1622016,0.007530474364757538,0.64
D,0.2,0,1638400,-0.001912027895450592,0.63
D,0.2,0,1654784,0.011955918967723847,0.62
D,0.2,0,1671168,0.014820570051670074,0.61
D,0.2,0,1687552,-0.0008656570315361023,0.61
D,0.2,0,1703936,-0.0373354160785675,0.59
D,0.2,0,1720320,0.010867665112018586,0.625
D,0.2,0,1736704,-0.06442053690552711,0.58
D,0.2,0,1753088,-0.05447984471917153,0.575
D,0.2,0,1769472,-0.044542406797409055,0.59
D,0.2,0,1785856,-0.03115098461508751,0.59
D,0.2,0,1802240,0.03123737633228302,0.635
D,0.2,0,1818624,0.012324661314487458,0.635
D,0.2,0,1835008,-0.03512726292014122,0.59
D,0.2,0,1851392,0.0022564226388931273,0.59
D,0.2,0,1867776,0.01751813679933548,0.595
D,0.2,0,1884160,0.07954708606004715,0.64
D,0.2,0,1900544,0.054303690940141675,0.65
D,0.2,0,1916928,0.03110894709825516,0.645
D,0.2,0,1933312,-0.004906879961490631,0.62
D,0.2,0,1949696,0.006622672826051712,0.635
D,0.2,0,1966080,0.0043057860434055325,0.635
D,0.2,0,1982464,-0.01559891164302826,0.625
D,0.2,0,1998848,-0.04749778911471367,0.585
D,0.2,1,32768,-1.0933620929718018,0.0
D,0.2,1,49152,-1.1410467078288395,0.0
D,0.2,1,65536,-1.2239586558097448,0.0
D,0.2,1,81920,-1.267429471861386,0.0
D,0.2,1,98304,-1.2942610617083405,0.0
D,0.2,1,114688,-1.3475877416133881,0.0
D,0.2,1,131072,-1.3649904179573058,0.0
D,0.2,1,147456,-1.3676194763183593,0.0
D,0.2,1,163840,0.04980731874704361,0.68
D,0.2,1,180224,-0.0355604875087738,0.635
D,0.2,1,196608,-0.14316002547740936,0.575
D,0.2,1,212992,-0.3561390873789787,0.47
D,0.2,1,229376,-0.5849433791637421,0.335
D,0.2,1,245760,-0.6876385775208473,0.285
D,0.2,1,262144,-0.6822465202212333,0.285
D,0.2,1,278528,-0.6767001168429851,0.29
D,0.2,1,294912,-0.6409735666215419,0.315
D,0.2,1,311296,0.12515082687139512,0.685
D,0.2,1,327680,-0.02237612023949623,0.61
D,0.2,1,344064,-0.15878601089119912,0.54
D,0.2,1,360448,-0.22502454608678818,0.52
D,0.2,1,376832,-0.33910038337111476,0.46
D,0.2,1,393216,-0.30112026318907736,0.48
D,0.2,1,409600,-0.23731543645262718,0.515
D,0.2,1,425984,-0.31160327583551406,0.475
D,0.2,1,442368,-0.3681125919520855,0.455
D,0.2,1,458752,-0.4108220690488815,0.435
D,0.2,1,475136,-0.03374803856015205,0.6
D,0.2,1,491520,-0.0501909214258194,0.6
D,0.2,1,507904,-0.15692152887582778,0.545
D,0.2,1,524288,-0.2211807794868946,0.515
D,0.2,1,540672,-0.2668793797492981,0.505
D,0.2,1,557056,-0.09603787332773209,0.59
D,0.2,1,573440,-0.05447601452469826,0.615
D,0.2,1,589824,-0.1222358874976635,0.575
D,0.2,1,606208,-0.16861459210515023,0.54
D,0.2,1,622592,0.023306780606508256,0.625
D,0.2,1,638976,0.0026332302391529083,0.615
D,0.2,1,655360,-0.04161636069417,0.6
D,0.2,1,671744,-0.1251036460697651,0.56
D,0.2,1,688128,-0.21821655943989754,0.5
D,0.2,1,704512,-0.22180884033441545,0.495
D,0.2,1,720896,-0.11618108347058297,0.56
D,0.2,1,737280,-0.12885088503360748,0.57
D,0.2,1,753664,-0.05865429371595383,0.615
D,0.2,1,770048,0.028525288701057434,0.635
D,0.2,1,786432,0.030322121530771254,0.63
D,0.2,1,802816,-0.01589649811387062,0.61
D,0.2,1,819200,-0.09570391803979873,0.565
D,0.2,1,835584,-0.1883522553741932,0.53
D,0.2,1,851968,-0.10550599679350853,0.58
D,0.2,1,868352,-0.04715765103697777,0.615
D,0.2,1,884736,0.006173738837242126,0.65
D,0.2,1,901120,0.024651156067848207,0.66
D,0.2,1,917504,0.01654517188668251,0.655
D,0.2,1,933888,0.028927616626024246,0.645
D,0.2,1,950272,-0.0048403190076351165,0.625
D,0.2,1,966656,0.0027628906071186067,0.64
D,0.2,1,983040,-0.034673189967870714,0.625
D,0.2,1,999424,-0.0779306599497795,0.575
D,0.2,1,1015808,-0.013169485628604888,0.61
D,0.2,1,1032192,-0.041170617938041686,0.595
D,0.2,1,1048576,-0.0012870644032955169,0.63
D,0.2,1,1064960,-0.014820228815078735,0.62
D,0.2,1,1081344,0.005900238752365112,0.63
D,0.2,1,1097728,-0.02084833413362503,0.61
D,0.2,1,1114112,0.08190377697348594,0.67
D,0.2,1,1130496,-0.00532298818230629,0.615
D,0.2,1,1146880,-0.031008417308330535,0.595
D,0.2,1,1163264,-0.030327917337417604,0.595
D,0.2,1,1179648,-0.11244098037481308,0.565
D,0.2,1,1196032,-0.10341746121644974,0.565
D,0.2,1,1212416,-0.11013167023658753,0.565
D,0.2,1,1228800,0.0469643859565258,0.655
D,0.2,1,1245184,0.07987457856535912,0.685
D,0.2,1,1261568,0.07853709548711776,0.69
D,0.2,1,1277952,0.051633275151252746,0.67
D,0.2,1,1294336,-0.027952895015478135,0.635
D,0.2,1,1310720,-0.0646634891629219,0.61
D,0.2,1,1327104,-0.03210092201828957,0.62
D,0.2,1,1343488,-0.04097176223993301,0.595
D,0.2,1,1359872,-0.020604650676250457,0.62
D,0.2,1,1376256,-0.00265068382024765,0.635
D,0.2,1,1392640,0.016653188914060594,0.65
D,0.2,1,1409024,0.03185554876923561,0.645
D,0.2,1,1425408,0.0451965107023716,0.66
D,0.2,1,1441792,-0.01755966082215309,0.625
D,0.2,1,1458176,0.015567192733287811,0.655
D,0.2,1,1474560,0.008233004361391067,0.65
D,0.2,1,1490944,-0.02146094962954521,0.625
D,0.2,1,1507328,-0.019792186468839644,0.615
D,0.2,1,1523712,-0.013234154134988785,0.635
D,0.2,1,1540096,0.023306442648172377,0.65
D,0.2,1,1556480,0.02967389926314354,0.655
D,0.2,1,1572864,-0.03265856206417084,0.615
D,0.2,1,1589248,-0.022488895654678345,0.63
D,0.2,1,1605632,-0.1098634871840477,0.57
D,0.2,1,1622016,-0.04854760900139809,0.605
D,0.2,1,1638400,-0.00784899890422821,0.625
D,0.2,1,1654784,0.0330274011194706,0.655
D,0.2,1,1671168,-0.009938993752002715,0.645
D,0.2,1,1687552,-0.056163698881864545,0.615
D,0.2,1,1703936,-0.08102928414940834,0.575
D,0.2,1,1720320,-0.05517965152859688,0.57
D,0.2,1,1736704,-0.08627746388316154,0.55
D,0.2,1,1753088,-0.20484796330332755,0.49
D,0.2,1,1769472,-0.14236578181385995,0.535
D,0.2,1,1785856,-0.11852849572896958,0.56
D,0.2,1,1802240,0.00877795159816742,0.645
D,0.2,1,1818624,0.0010355514287948607,0.625
D,0.2,1,1835008,0.029275689870119095,0.64
D,0.2,1,1851392,0.07179861173033714,0.66
D,0.2,1,1867776,0.10342861816287041,0.68
D,0.2,1,1884160,0.039555611312389376,0.65
D,0.2,1,1900544,0.006325866729021072,0.625
D,0.2,1,1916928,-0.09909430727362632,0.56
D,0.2,1,1933312,-0.03382312387228012,0.6
D,0.2,1,1949696,-0.04721541911363602,0.61
D,0.2,1,1966080,-0.03344654858112335,0.62
D,0.2,1,1982464,-0.040421013236045834,0.61
D,0.2,1,1998848,0.012740681320428849,0.62
D,0.2,2,32768,-1.0885289907455444,0.0
D,0.2,2,49152,-1.1485459629227133,0.0
D,0.2,2,65536,-1.2075566256046295,0.0
D,0.2,2,81920,-1.2483875442700214,0.0
D,0.2,2,98304,-1.3007465493679047,0.0
D,0.2,2,114688,-1.3380918657779695,0.0
D,0.2,2,131072,-1.3510642892122269,0.0
D,0.2,2,147456,-1.3565554678440095,0.0
D,0.2,2,163840,-0.002353636473417282,0.65
D,0.2,2,180224,-0.1382896114885807,0.585
D,0.2,2,196608,-0.2754844246804714,0.52
D,0.2,2,212992,-0.432752528488636,0.44
D,0.2,2,229376,-0.6482345442473888,0.32
D,0.2,2,245760,-0.495956195294857,0.395
D,0.2,2,262144,-0.4717159113287926,0.405
D,0.2,2,278528,-0.4617649430036545,0.415
D,0.2,2,294912,-0.498313857614994,0.4
D,0.2,2,311296,-0.03029849573969841,0.6
D,0.2,2,327680,-0.1439437274634838,0.53
D,0.2,2,344064,-0.17539603188633918,0.525
D,0.2,2,360448,-0.3010007274150848,0.465
D,0.2,2,376832,-0.4345697395503521,0.41
D,0.2,2,393216,-0.34493945598602294,0.455
D,0.2,2,409600,-0.30452774733304977,0.485
D,0.2,2,425984,-0.3207692849636078,0.48
D,0.2,2,442368,-0.36952841192483904,0.455
D,0.2,2,458752,-0.4127617597579956,0.44
D,0.2,2,475136,-0.06444847717881202,0.595
D,0.2,2,491520,-0.03890897884964943,0.61
D,0.2,2,507904,-0.17186966061592102,0.54
D,0.2,2,524288,-0.2664870426058769,0.485
D,0.2,2,540672,-0.2856715580821037,0.47
D,0.2,2,557056,-0.24024452462792398,0.485
D,0.2,2,573440,-0.2862354002892971,0.455
D,0.2,2,589824,-0.33149035602807997,0.43
D,0.2,2,606208,-0.3744358526170254,0.415
D,0.2,2,622592,-0.16003846243023873,0.515
D,0.2,2,638976,-0.09758164376020431,0.555
D,0.2,2,655360,-0.1304641081392765,0.525
D,0.2,2,671744,-0.23343633428215982,0.465
D,0.2,2,688128,-0.24672479331493377,0.48
D,0.2,2,704512,-0.21399686470627785,0.51
D,0.2,2,720896,-0.17477993965148925,0.545
D,0.2,2,737280,-0.1626348777115345,0.56
D,0.2,2,753664,-0.16055704936385154,0.56
D,0.2,2,770048,0.014927958846092224,0.655
D,0.2,2,786432,-0.016728438287973404,0.63
D,0.2,2,802816,-0.035513472110033036,0.625
D,0.2,2,819200,-0.12929835453629493,0.57
D,0.2,2,835584,-0.16016526341438295,0.55
D,0.2,2,851968,-0.1678295311331749,0.535
D,0.2,2,868352,-0.09477658554911614,0.56
D,0.2,2,884736,-0.19991424977779387,0.515
D,0.2,2,901120,-0.1937060008943081,0.53
D,0.2,2,917504,-0.2010943564772606,0.54
D,0.2,2,933888,-0.13307020023465158,0.56
D,0.2,2,950272,-0.10993022158741951,0.56
D,0.2,2,966656,-0.08414691030979156,0.575
D,0.2,2,983040,-0.1655746053159237,0.535
D,0.2,2,999424,-0.14494480997323989,0.555
D,0.2,2,1015808,-0.14211002930998803,0.55
D,0.2,2,1032192,-0.09627656206488609,0.555
D,0.2,2,1048576,-0.11431578621268272,0.545
D,0.2,2,1064960,-0.14169315338134766,0.54
D,0.2,2,1081344,-0.08163949057459831,0.595
D,0.2,2,1097728,-0.09936925560235978,0.585
D,0.2,2,1114112,-0.07415644451975822,0.59
D,0.2,2,1130496,-0.10877908542752265,0.57
D,0.2,2,1146880,-0.0931563451886177,0.585
D,0.2,2,1163264,0.015637115687131883,0.665
D,0.2,2,1179648,0.007830445468425751,0.665
D,0.2,2,1196032,-0.02661694332957268,0.635
D,0.2,2,1212416,-0.03798465043306351,0.63
D,0.2,2,1228800,-0.022981373965740202,0.635
D,0.2,2,1245184,-0.02427414059638977,0.64
D,0.2,2,1261568,-0.10610009789466858,0.595
D,0.2,2,1277952,-0.07971943974494934,0.605
D,0.2,2,1294336,-0.15211001873016358,0.57
D,0.2,2,1310720,-0.18417379796504973,0.53
D,0.2,2,1327104,-0.1609026862680912,0.525
D,0.2,2,1343488,-0.12342233538627624,0.54
D,0.2,2,1359872,-0.062092124819755554,0.59
D,0.2,2,1376256,-0.06871322497725486,0.59
D,0.2,2,1392640,-0.020296550989151,0.62
D,0.2,2,1409024,-0.03879705846309662,0.61
D,0.2,2,1425408,-0.02698505625128746,0.62
D,0.2,2,1441792,-0.03135837286710739,0.62
D,0.2,2,1458176,-0.05441330477595329,0.625
D,0.2,2,1474560,0.02680737242102623,0.68
D,0.2,2,1490944,0.06197913959622383,0.695
D,0.2,2,1507328,0.06604402795433999,0.695
D,0.2,2,1523712,0.031563098579645156,0.675
D,0.2,2,1540096,0.07424928650259971,0.69
D,0.2,2,1556480,0.005763768851757049,0.64
D,0.2,2,1572864,-0.04844198778271675,0.615
D,0.2,2,1589248,-0.11674229294061661,0.58
D,0.2,2,1605632,-0.11454391866922378,0.58
D,0.2,2,1622016,-0.07597135126590729,0.595
D,0.2,2,1638400,-0.041118811368942264,0.615
D,0.2,2,1654784,-0.021762160062789918,0.625
D,0.2,2,1671168,-0.031464302986860274,0.62
D,0.2,2,1687552,-0.013874744176864623,0.64
D,0.2,2,1703936,0.03435950860381126,0.655
D,0.2,2,1720320,0.043792306780815124,0.655
D,0.2,2,1736704,0.09484384536743164,0.69
D,0.2,2,1753088,0.03026397243142128,0.655
D,0.2,2,1769472,-0.0013219335675239564,0.64
D,0.2,2,1785856,-0.0499828077852726,0.605
D,0.2,2,1802240,-0.03696855753660202,0.61
D,0.2,2,1818624,-0.042234306931495665,0.615
D,0.2,2,1835008,-0.0020999792218208313,0.64
D,0.2,2,1851392,-0.04320869415998459,0.61
D,0.2,2,1867776,-0.025343024879693987,0.61
D,0.2,2,1884160,-0.060928398221731184,0.595
D,0.2,2,1900544,-0.08477223470807076,0.57
D,0.2,2,1916928,-0.05800771877169609,0.595
D,0.2,2,1933312,-0.0019496196508407592,0.62
D,0.2,2,1949696,0.045752163231372836,0.68
D,0.2,2,1966080,0.05120682507753372,0.69
D,0.2,2,1982464,0.02921192929148674,0.685
D,0.2,2,1998848,0.0069724640250206,0.665
D,0.2,3,16384,-1.0288535356521606,0.0
D,0.2,3,32768,-1.0780429989099503,0.0
D,0.2,3,49152,-1.1408796602365923,0.0
D,0.2,3,65536,-1.2119062234615456,0.0
D,0.2,3,81920,-1.2539448064599334,0.0
D,0.2,3,98304,-1.3255690783262253,0.0
D,0.2,3,114688,-1.354609860777855,0.0
D,0.2,3,131072,-1.3664618456363677,0.0
D,0.2,3,147456,-1.3680724000930786,0.0
D,0.2,3,163840,0.009100639671087265,0.68
D,0.2,3,180224,-0.12364497438073158,0.605
D,0.2,3,196608,-0.2710213880240917,0.52
D,0.2,3,212992,-0.40472784757614133,0.45
D,0.2,3,229376,-0.6274285434186458,0.325
D,0.2,3,245760,-0.5434060150384903,0.365
D,0.2,3,262144,-0.5915209797024726,0.355
D,0.2,3,278528,-0.6216798055171967,0.345
D,0.2,3,294912,-0.6389815354347229,0.33
D,0.2,3,311296,-0.0314064148068428,0.6
D,0.2,3,327680,-0.046884810626506804,0.6
D,0.2,3,344064,-0.1715976271033287,0.53
D,0.2,3,360448,-0.28758488461375237,0.485
D,0.2,3,376832,-0.41859206289052964,0.415
D,0.2,3,393216,-0.36655129700899125,0.425
D,0.2,3,409600,-0.31120813980698586,0.455
D,0.2,3,425984,-0.3878843680024147,0.42
D,0.2,3,442368,-0.39881439208984376,0.42
D,0.2,3,458752,-0.4147054234147072,0.415
D,0.2,3,475136,-0.07476610317826271,0.59
D,0.2,3,491520,-0.03554038345813751,0.615
D,0.2,3,507904,-0.09416799113154412,0.595
D,0.2,3,524288,-0.23287564769387245,0.515
D,0.2,3,540672,-0.22551242336630822,0.515
D,0.2,3,557056,-0.2378703311085701,0.505
D,0.2,3,573440,-0.2736250945925713,0.485
D,0.2,3,589824,-0.30740787237882616,0.475
D,0.2,3,606208,-0.29491540268063543,0.47
D,0.2,3,622592,-0.023641689419746398,0.63
D,0.2,3,638976,-0.017269715666770935,0.635
D,0.2,3,655360,0.0035938628017902373,0.65
D,0.2,3,671744,-0.05922944962978363,0.61
D,0.2,3,688128,-0.16927698656916618,0.525
D,0.2,3,704512,-0.16816311493515967,0.525
D,0.2,3,720896,-0.18502897083759307,0.52
D,0.2,3,737280,-0.21345726639032364,0.5
D,0.2,3,753664,-0.1562959770858288,0.535
D,0.2,3,770048,-0.02219144508242607,0.61
D,0.2,3,786432,0.006798447668552398,0.645
D,0.2,3,802816,0.005835919678211212,0.65
D,0.2,3,819200,-0.027821447551250458,0.635
D,0.2,3,835584,-0.13191239401698113,0.57
D,0.2,3,851968,-0.1041312849521637,0.58
D,0.2,3,868352,-0.14427594617009162,0.555
D,0.2,3,884736,-0.14666514411568643,0.56
D,0.2,3,901120,-0.11593579351902009,0.58
D,0.2,3,917504,-0.21248836874961852,0.52
D,0.2,3,933888,-0.07794062510132789,0.595
D,0.2,3,950272,-0.10307931125164033,0.58
D,0.2,3,966656,-0.09807106986641884,0.595
D,0.2,3,983040,-0.10076217234134674,0.59
D,0.2,3,999424,-0.10275057673454285,0.58
D,0.2,3,1015808,-0.06887982726097107,0.575
D,0.2,3,1032192,0.01963688760995865,0.65
D,0.2,3,1048576,-0.05000874981284142,0.615
D,0.2,3,1064960,-0.0867635478079319,0.595
D,0.2,3,1081344,-0.08677240177989005,0.585
D,0.2,3,1097728,-0.14220747098326683,0.54
D,0.2,3,1114112,-0.18561729088425635,0.52
D,0.2,3,1130496,-0.11039396554231644,0.57
D,0.2,3,1146880,-0.10676679730415345,0.575
D,0.2,3,1163264,-0.0006279748678207398,0.64
D,0.2,3,1179648,0.00754654124379158,0.62
D,0.2,3,1196032,-0.034213902056217195,0.595
D,0.2,3,1212416,-0.04378641843795776,0.58
D,0.2,3,1228800,0.023010622560977936,0.63
D,0.2,3,1245184,-0.0494777350127697,0.595
D,0.2,3,1261568,-0.05840835064649582,0.595
D,0.2,3,1277952,-0.10085242688655853,0.565
D,0.2,3,1294336,-0.19408363610506058,0.525
D,0.2,3,1310720,-0.1538790261745453,0.55
D,0.2,3,1327104,-0.1219363035261631,0.57
D,0.2,3,1343488,-0.0955438232421875,0.595
D,0.2,3,1359872,-0.12307535335421563,0.59
D,0.2,3,1376256,-0.08528659656643868,0.605
D,0.2,3,1392640,-0.0724972066283226,0.595
D,0.2,3,1409024,-0.08078347221016884,0.585
D,0.2,3,1425408,-0.04502681240439415,0.615
D,0.2,3,1441792,-0.013892694413661956,0.63
D,0.2,3,1458176,-0.05272097900509834,0.585
D,0.2,3,1474560,-0.07556242674589157,0.555
D,0.2,3,1490944,-0.11367516040802002,0.55
D,0.2,3,1507328,-0.17153070300817488,0.525
D,0.2,3,1523712,-0.1600186552107334,0.535
D,0.2,3,1540096,-0.17172886610031127,0.53
D,0.2,3,1556480,-0.12468276083469391,0.56
D,0.2,3,1572864,-0.14798139810562133,0.555
D,0.2,3,1589248,-0.14084515795111657,0.555
D,0.2,3,1605632,-0.1532078902423382,0.54
D,0.2,3,1622016,-0.08458601638674736,0.575
D,0.2,3,1638400,-0.03769024014472962,0.595
D,0.2,3,1654784,-0.07287106588482857,0.575
D,0.2,3,1671168,-0.19857266634702683,0.5
D,0.2,3,1687552,-0.22322453886270524,0.485
D,0.2,3,1703936,-0.17858481496572495,0.52
D,0.2,3,1720320,-0.1371263748407364,0.56
D,0.2,3,1736704,-0.13646975100040437,0.56
D,0.2,3,1753088,-0.1474149452149868,0.56
D,0.2,3,1769472,-0.11847176879644394,0.575
D,0.2,3,1785856,-0.12508798882365227,0.565
D,0.2,3,1802240,-0.10514356017112732,0.575
D,0.2,3,1818624,-0.09144096747040749,0.58
D,0.2,3,1835008,-0.05649987816810608,0.6
D,0.2,3,1851392,-0.05410707086324692,0.595
D,0.2,3,1867776,-0.05620257318019867,0.6
D,0.2,3,1884160,-0.05396628648042679,0.6
D,0.2,3,1900544,-0.04941578462719917,0.605
D,0.2,3,1916928,-0.0698765367269516,0.585
D,0.2,3,1933312,-0.12524384185671805,0.54
D,0.2,3,1949696,-0.07603571072220802,0.56
D,0.2,3,1966080,-0.02540044978260994,0.605
D,0.2,3,1982464,-0.021772391200065612,0.6
D,0.2,3,1998848,0.040099229365587234,0.635
D,0.2,4,32768,-1.1288272142410278,0.0
D,0.2,4,49152,-1.1577260664531164,0.0
D,0.2,4,65536,-1.2042040427525837,0.0
D,0.2,4,81920,-1.2374998833003796,0.0
D,0.2,4,98304,-1.2842470663380248,0.0
D,0.2,4,114688,-1.3295773845911025,0.0
D,0.2,4,131072,-1.3401331675052643,0.0
D,0.2,4,147456,-1.340650641322136,0.0
D,0.2,4,163840,0.08443455293774604,0.675
D,0.2,4,180224,-0.07770484611392021,0.595
D,0.2,4,196608,-0.18034462347626687,0.545
D,0.2,4,212992,-0.4030699686706066,0.425
D,0.2,4,229376,-0.6273427563905716,0.31
D,0.2,4,245760,-0.5224208581447601,0.36
D,0.2,4,262144,-0.44005756825208664,0.405
D,0.2,4,278528,-0.413672945946455,0.425
D,0.2,4,294912,-0.4616241113841534,0.405
D,0.2,4,311296,0.17516025334596633,0.715
D,0.2,4,327680,0.0917365263402462,0.675
D,0.2,4,344064,0.0035968169569969176,0.63
D,0.2,4,360448,-0.07819972410798073,0.585
D,0.2,4,376832,-0.22100125700235368,0.505
D,0.2,4,393216,-0.18841522052884102,0.525
D,0.2,4,409600,-0.16500257179141045,0.55
D,0.2,4,425984,-0.178767701536417,0.545
D,0.2,4,442368,-0.21187205940485002,0.53
D,0.2,4,458752,-0.29384016036987304,0.48
D,0.2,4,475136,0.032974187731742856,0.635
D,0.2,4,491520,-0.019582930356264114,0.605
D,0.2,4,507904,-0.12517501637339593,0.55
D,0.2,4,524288,-0.26226131021976473,0.465
D,0.2,4,540672,-0.23109529688954353,0.48
D,0.2,4,557056,-0.1250176301598549,0.535
D,0.2,4,573440,-0.12976161167025566,0.55
D,0.2,4,589824,-0.14332769304513931,0.55
D,0.2,4,606208,-0.14254053577780723,0.565
D,0.2,4,622592,0.004926843792200089,0.62
D,0.2,4,638976,-0.06155859351158142,0.59
D,0.2,4,655360,-0.09371681094169616,0.575
D,0.2,4,671744,-0.13706794112920762,0.555
D,0.2,4,688128,-0.11443663731217385,0.58
D,0.2,4,704512,-0.01629118174314499,0.625
D,0.2,4,720896,0.01513797476887703,0.65
D,0.2,4,737280,-0.027952297627925872,0.625
D,0.2,4,753664,-0.09309271916747093,0.575
D,0.2,4,770048,-0.045992484837770464,0.57
D,0.2,4,786432,0.05018639534711838,0.635
D,0.2,4,802816,0.013452710807323456,0.615
D,0.2,4,819200,-0.030295279026031494,0.605
D,0.2,4,835584,-0.1226134631037712,0.555
D,0.2,4,851968,-0.11976305723190307,0.56
D,0.2,4,868352,-0.031657310277223585,0.61
D,0.2,4,884736,0.007232869267463684,0.63
D,0.2,4,901120,-0.05581740200519562,0.59
D,0.2,4,917504,-0.062450901120901105,0.585
D,0.2,4,933888,0.034147371649742124,0.62
D,0.2,4,950272,0.07016688048839569,0.66
D,0.2,4,966656,0.028166845589876175,0.64
D,0.2,4,983040,-0.001094471365213394,0.625
D,0.2,4,999424,-0.06392038643360137,0.595
D,0.2,4,1015808,0.0012731489539146424,0.615
D,0.2,4,1032192,0.0064193359017372135,0.62
D,0.2,4,1048576,-0.031202816963195802,0.6
D,0.2,4,1064960,-0.01697619095444679,0.62
D,0.2,4,1081344,-0.004471002072095871,0.625
D,0.2,4,1097728,0.05224626556038856,0.66
D,0.2,4,1114112,0.04382926866412163,0.66
D,0.2,4,1130496,-0.030502732694149017,0.62
D,0.2,4,1146880,-0.1062469881772995,0.57
D,0.2,4,1163264,-0.05380703195929527,0.605
D,0.2,4,1179648,-0.07144236713647842,0.585
D,0.2,4,1196032,-0.052750861942768096,0.59
D,0.2,4,1212416,-0.037899301052093506,0.6
D,0.2,4,1228800,0.0002759106457233429,0.61
D,0.2,4,1245184,-0.009464048743247987,0.595
D,0.2,4,1261568,-0.045949913114309314,0.575
D,0.2,4,1277952,-0.027776694297790526,0.595
D,0.2,4,1294336,-0.10698756560683251,0.565
D,0.2,4,1310720,-0.097011017203331,0.57
D,0.2,4,1327104,-0.1227959956228733,0.545
D,0.2,4,1343488,-0.07743013054132461,0.57
D,0.2,4,1359872,-0.12061722487211228,0.545
D,0.2,4,1376256,-0.06069219782948494,0.585
D,0.2,4,1392640,-0.021222952604293823,0.61
D,0.2,4,1409024,0.01969153344631195,0.655
D,0.2,4,1425408,0.01100832536816597,0.65
D,0.2,4,1441792,-0.0271189646422863,0.63
D,0.2,4,1458176,-0.038572208434343336,0.605
D,0.2,4,1474560,0.0006417369842529297,0.63
D,0.2,4,1490944,0.01186217188835144,0.625
D,0.2,4,1507328,0.028221106976270675,0.645
D,0.2,4,1523712,-0.07171651735901832,0.59
D,0.2,4,1540096,-0.07512677654623985,0.58
D,0.2,4,1556480,-0.14586229309439658,0.55
D,0.2,4,1572864,-0.0879591691493988,0.58
D,0.2,4,1589248,-0.13775151282548903,0.545
D,0.2,4,1605632,-0.07018096938729286,0.57
D,0.2,4,1622016,-0.07777346551418304,0.555
D,0.2,4,1638400,-0.054933931678533554,0.56
D,0.2,4,1654784,-0.12480551809072495,0.53
D,0.2,4,1671168,-0.14302074119448663,0.525
D,0.2,4,1687552,-0.08845393106341362,0.57
D,0.2,4,1703936,-0.05473214253783226,0.595
D,0.2,4,1720320,-0.06063008561730385,0.59
D,0.2,4,1736704,-0.11279953122138978,0.555
D,0.2,4,1753088,-0.12697847276926041,0.545
D,0.2,4,1769472,-0.09286043882369995,0.56
D,0.2,4,1785856,-0.05423712372779846,0.565
D,0.2,4,1802240,-0.0327021686732769,0.59
D,0.2,4,1818624,-0.06276381567120552,0.57
D,0.2,4,1835008,-0.07022800251841545,0.575
D,0.2,4,1851392,-0.022151053547859192,0.61
D,0.2,4,1867776,-0.040761809796094894,0.59
D,0.2,4,1884160,-0.07737818613648415,0.57
D,0.2,4,1900544,-0.04751983508467674,0.59
D,0.2,4,1916928,-0.06514546006917954,0.575
D,0.2,4,1933312,-0.013846808522939682,0.605
D,0.2,4,1949696,-0.049113560169935226,0.585
D,0.2,4,1966080,-0.001847342848777771,0.615
D,0.2,4,1982464,-0.014851007908582688,0.61
D,0.2,4,1998848,0.0053674083948135375,0.63
D,0.4,0,32768,-1.0826857089996338,0.0
D,0.4,0,49152,-1.1274957543327695,0.0
D,0.4,0,65536,-1.2201374862343073,0.0
D,0.4,0,81920,-1.2545153543513308,0.0
D,0.4,0,98304,-1.292415127158165,0.0
D,0.4,0,114688,-1.3154503471997319,0.0
D,0.4,0,131072,-1.313763005718304,0.0
D,0.4,0,147456,-1.3153062924830872,0.0
D,0.4,0,163840,0.04893909141421318,0.695
D,0.4,0,180224,0.026957525461912154,0.69
D,0.4,0,196608,-0.047910319715738295,0.645
D,0.4,0,212992,-0.25931406632065773,0.53
D,0.4,0,229376,-0.4404842382669449,0.44
D,0.4,0,245760,-0.5636187027394771,0.37
D,0.4,0,262144,-0.6799190686643124,0.31
D,0.4,0,278528,-0.6686217425763608,0.315
D,0.4,0,294912,-0.6603338061273099,0.325
D,0.4,0,311296,0.18798504248261452,0.76
D,0.4,0,327680,0.13573593273758888,0.735
D,0.4,0,344064,0.10194066882133485,0.72
D,0.4,0,360448,-0.006749821752309799,0.655
D,0.4,0,376832,-0.17028589457273482,0.565
D,0.4,0,393216,-0.28820488914847375,0.5
D,0.4,0,409600,-0.3201300451159477,0.46
D,0.4,0,425984,-0.29465985268354417,0.475
D,0.4,0,442368,-0.28963652268052104,0.475
D,0.4,0,458752,-0.31549745723605155,0.45
D,0.4,0,475136,0.13666294500231743,0.715
D,0.4,0,491520,0.10920916706323623,0.7
D,0.4,0,507904,0.04107831671833992,0.66
D,0.4,0,524288,-0.08560058385133744,0.6
D,0.4,0,540672,-0.14999598994851113,0.57
D,0.4,0,557056,-0.16402745693922044,0.565
D,0.4,0,573440,-0.15284466430544852,0.575
D,0.4,0,589824,-0.2071098791062832,0.54
D,0.4,0,606208,-0.20989110499620436,0.53
D,0.4,0,622592,0.17322616368532182,0.725
D,0.4,0,638976,0.1203900246322155,0.7
D,0.4,0,655360,0.07832820162177086,0.675
D,0.4,0,671744,0.026910444945096968,0.66
D,0.4,0,688128,-0.05067136719822884,0.605
D,0.4,0,704512,-0.044303058087825774,0.615
D,0.4,0,720896,-0.03221806362271309,0.63
D,0.4,0,737280,-0.08211701288819313,0.595
D,0.4,0,753664,-0.09575650975108146,0.59
D,0.4,0,770048,0.11206172525882721,0.675
D,0.4,0,786432,0.07311811879277229,0.655
D,0.4,0,802816,0.07618610203266143,0.66
D,0.4,0,819200,0.016241977512836455,0.635
D,0.4,0,835584,-0.02425888255238533,0.625
D,0.4,0,851968,0.018257232159376146,0.65
D,0.4,0,868352,-0.016765062659978867,0.625
D,0.4,0,884736,-0.04715752348303795,0.595
D,0.4,0,901120,-0.06834976956248283,0.595
D,0.4,0,917504,-0.05791983887553215,0.595
D,0.4,0,933888,0.2090165251493454,0.76
D,0.4,0,950272,0.18218469440937043,0.745
D,0.4,0,966656,0.16191891953349113,0.745
D,0.4,0,983040,0.06611738488078117,0.675
D,0.4,0,999424,-0.0028749819099903105,0.64
D,0.4,0,1015808,0.02972204104065895,0.655
D,0.4,0,1032192,-0.01455409750342369,0.625
D,0.4,0,1048576,-0.004801001697778702,0.635
D,0.4,0,1064960,-0.039325554221868515,0.595
D,0.4,0,1081344,0.12077542841434478,0.67
D,0.4,0,1097728,0.07726921737194062,0.66
D,0.4,0,1114112,0.09522373646497727,0.67
D,0.4,0,1130496,0.09697132185101509,0.685
D,0.4,0,1146880,0.08141667306423188,0.71
D,0.4,0,1163264,0.0956267648935318,0.71
D,0.4,0,1179648,-0.0006648924946784973,0.66
D,0.4,0,1196032,-0.030064893513917924,0.635
D,0.4,0,1212416,-0.03684420049190521,0.635
D,0.4,0,1228800,0.08152026206254959,0.66
D,0.4,0,1245184,0.07463865771889687,0.655
D,0.4,0,1261568,0.04438292875885964,0.63
D,0.4,0,1277952,0.028980994522571565,0.635
D,0.4,0,1294336,0.033156578242778775,0.66
D,0.4,0,1310720,0.017430115044116973,0.64
D,0.4,0,1327104,0.053589164316654204,0.65
D,0.4,0,1343488,-0.018443993777036666,0.6
D,0.4,0,1359872,-0.04182012796401977,0.595
D,0.4,0,1376256,-0.06575336530804635,0.575
D,0.4,0,1392640,0.050263845920562746,0.635
D,0.4,0,1409024,0.044023507833480836,0.635
D,0.4,0,1425408,0.027770481258630752,0.62
D,0.4,0,1441792,-0.029825787246227264,0.575
D,0.4,0,1458176,-0.02746326506137848,0.595
D,0.4,0,1474560,0.06235086306929588,0.665
D,0.4,0,1490944,0.058912699222564695,0.68
D,0.4,0,1507328,0.07312364473938943,0.695
D,0.4,0,1523712,0.08625917479395867,0.705
D,0.4,0,1540096,0.108166783452034,0.69
D,0.4,0,1556480,0.08573761820793152,0.685
D,0.4,0,1572864,0.013032146692276002,0.635
D,0.4,0,1589248,-0.005701681226491928,0.62
D,0.4,0,1605632,0.021094139516353607,0.645
D,0.4,0,1622016,0.012838082015514373,0.635
D,0.4,0,1638400,0.056328265368938445,0.655
D,0.4,0,1654784,0.03139090776443482,0.635
D,0.4,0,1671168,0.028322114944458007,0.63
D,0.4,0,1687552,0.025986380875110626,0.63
D,0.4,0,1703936,0.052851568758487705,0.635
D,0.4,0,1720320,0.000893496423959732,0.62
D,0.4,0,1736704,0.028736677318811417,0.64
D,0.4,0,1753088,0.015992227643728256,0.64
D,0.4,0,1769472,0.014150737375020981,0.635
D,0.4,0,1785856,0.09754015430808068,0.685
D,0.4,0,1802240,0.12163510963320733,0.705
D,0.4,0,1818624,0.08507153406739235,0.69
D,0.4,0,1835008,0.06016993790864945,0.67
D,0.4,0,1851392,0.1329504880309105,0.73
D,0.4,0,1867776,0.13115831777453424,0.72
D,0.4,0,1884160,0.14178679004311562,0.72
D,0.4,0,1900544,0.1234850150346756,0.7
D,0.4,0,1916928,0.0532110221683979,0.645
D,0.4,0,1933312,0.11892326295375824,0.705
D,0.4,0,1949696,0.009428059011697769,0.625
D,0.4,0,1966080,-0.056320633888244626,0.575
D,0.4,0,1982464,-0.03165539741516113,0.585
D,0.4,0,1998848,0.04407763317227364,0.63
D,0.4,1,32768,-1.1009851694107056,0.0
D,0.4,1,49152,-1.1410025724997888,0.0
D,0.4,1,65536,-1.2198005330805877,0.0
D,0.4,1,81920,-1.2489297986030579,0.0
D,0.4,1,98304,-1.29406603015199,0.0
D,0.4,1,114688,-1.325130881356799,0.0
D,0.4,1,131072,-1.3308749047536699,0.0
D,0.4,1,147456,-1.3338844349135215,0.0
D,0.4,1,163840,0.07607385218143463,0.7
D,0.4,1,180224,0.035542377531528474,0.68
D,0.4,1,196608,-5.79485297203064e-05,0.655
D,0.4,1,212992,-0.1684360659122467,0.55
D,0.4,1,229376,-0.2520385393500328,0.51
D,0.4,1,245760,-0.33520124435424803,0.47
D,0.4,1,262144,-0.5291336734592914,0.375
D,0.4,1,278528,-0.5618075029551983,0.36
D,0.4,1,294912,-0.5524083618819714,0.37
D,0.4,1,311296,0.14637666925787926,0.695
D,0.4,1,327680,0.09125372514128685,0.665
D,0.4,1,344064,0.05994360491633415,0.65
D,0.4,1,360448,-0.024140384048223495,0.61
D,0.4,1,376832,-0.07975712761282922,0.585
D,0.4,1,393216,-0.14081807494163512,0.55
D,0.4,1,409600,-0.23429949223995208,0.515
D,0.4,1,425984,-0.25127472430467607,0.505
D,0.4,1,442368,-0.2522654351592064,0.51
D,0.4,1,458752,-0.3095292504131794,0.48
D,0.4,1,475136,0.08177639663219452,0.64
D,0.4,1,491520,0.04456044703722,0.625
D,0.4,1,507904,-0.00359031543135643,0.59
D,0.4,1,524288,-0.1591923391819,0.505
D,0.4,1,540672,-0.21713501006364821,0.48
D,0.4,1,557056,-0.3288896955549717,0.44
D,0.4,1,573440,-0.3000178784132004,0.455
D,0.4,1,589824,-0.2630558928847313,0.475
D,0.4,1,606208,-0.2267834611237049,0.505
D,0.4,1,622592,0.13048748090863227,0.665
D,0.4,1,638976,0.11468272849917412,0.665
D,0.4,1,655360,0.04597669005393982,0.625
D,0.4,1,671744,-0.04490989372134209,0.59
D,0.4,1,688128,-0.11795969963073731,0.555
D,0.4,1,704512,-0.18845771610736847,0.53
D,0.4,1,720896,-0.036713275760412216,0.63
D,0.4,1,737280,-0.06378940939903259,0.61
D,0.4,1,753664,-0.028944500535726548,0.63
D,0.4,1,770048,0.2137378114461899,0.75
D,0.4,1,786432,0.1277580165863037,0.695
D,0.4,1,802816,0.11685468435287476,0.7
D,0.4,1,819200,0.04975336983799934,0.655
D,0.4,1,835584,-0.002870824933052063,0.62
D,0.4,1,851968,-0.0961605142056942,0.575
D,0.4,1,868352,-0.008175042271614075,0.625
D,0.4,1,884736,0.020352136194705963,0.645
D,0.4,1,901120,0.0010853679478168487,0.645
D,0.4,1,917504,0.011102556437253951,0.655
D,0.4,1,933888,0.17365163043141366,0.71
D,0.4,1,950272,0.1435343174636364,0.7
D,0.4,1,966656,0.07043185919523239,0.665
D,0.4,1,983040,0.04898173987865448,0.67
D,0.4,1,999424,-0.028146122694015504,0.62
D,0.4,1,1015808,-0.018448904007673263,0.625
D,0.4,1,1032192,-0.012447108030319214,0.63
D,0.4,1,1048576,-0.0423187455534935,0.615
D,0.4,1,1064960,-0.051518721282482145,0.605
D,0.4,1,1081344,0.1496331039071083,0.695
D,0.4,1,1097728,0.1394556176662445,0.695
D,0.4,1,1114112,0.13415540218353272,0.69
D,0.4,1,1130496,0.11819200038909912,0.69
D,0.4,1,1146880,0.0650605471432209,0.66
D,0.4,1,1163264,0.048382755815982816,0.66
D,0.4,1,1179648,0.042677332907915116,0.65
D,0.4,1,1196032,0.021037753969430924,0.645
D,0.4,1,1212416,-0.018133357763290406,0.63
D,0.4,1,1228800,0.12845028787851334,0.705
D,0.4,1,1245184,0.15763547420501708,0.715
D,0.4,1,1261568,0.12465243950486184,0.695
D,0.4,1,1277952,0.0705927774310112,0.665
D,0.4,1,1294336,0.027573715895414352,0.655
D,0.4,1,1310720,-0.06122167974710464,0.605
D,0.4,1,1327104,0.006506667584180832,0.64
D,0.4,1,1343488,-0.04036339655518532,0.61
D,0.4,1,1359872,-0.05853432714939118,0.59
D,0.4,1,1376256,-0.0606427226960659,0.6
D,0.4,1,1392640,0.1065936279296875,0.68
D,0.4,1,1409024,0.09027278497815132,0.665
D,0.4,1,1425408,0.09448571115732193,0.66
D,0.4,1,1441792,0.07585271030664444,0.665
D,0.4,1,1458176,0.05222308278083801,0.645
D,0.4,1,1474560,0.10613399848341942,0.685
D,0.4,1,1490944,0.1611908569931984,0.73
D,0.4,1,1507328,0.13023302271962167,0.71
D,0.4,1,1523712,0.09285248681902886,0.69
D,0.4,1,1540096,0.1101814305782318,0.67
D,0.4,1,1556480,0.17331781581044198,0.71
D,0.4,1,1572864,0.1761188669502735,0.715
D,0.4,1,1589248,0.18823558911681176,0.745
D,0.4,1,1605632,0.11808621034026145,0.705
D,0.4,1,1622016,0.04927232176065445,0.665
D,0.4,1,1638400,-0.05597224071621895,0.58
D,0.4,1,1654784,-0.057809636443853375,0.595
D,0.4,1,1671168,-0.05098666131496429,0.6
D,0.4,1,1687552,-0.015655678510665894,0.635
D,0.4,1,1703936,0.09168001785874366,0.69
D,0.4,1,1720320,0.06969918847084046,0.685
D,0.4,1,1736704,0.06700815185904503,0.685
D,0.4,1,1753088,0.0223643533885479,0.655
D,0.4,1,1769472,0.0501891864836216,0.69
D,0.4,1,1785856,0.09097954869270325,0.685
D,0.4,1,1802240,0.04679905340075493,0.665
D,0.4,1,1818624,0.04483195528388023,0.65
D,0.4,1,1835008,0.018720258325338364,0.635
D,0.4,1,1851392,0.11772287085652351,0.7
D,0.4,1,1867776,0.1108284604549408,0.69
D,0.4,1,1884160,0.1211807419359684,0.695
D,0.4,1,1900544,0.057666544765233994,0.66
D,0.4,1,1916928,0.021201322078704832,0.65
D,0.4,1,1933312,0.06384238258004188,0.68
D,0.4,1,1949696,0.10074496582150459,0.695
D,0.4,1,1966080,0.09780033767223358,0.69
D,0.4,1,1982464,0.09455078393220902,0.685
D,0.4,1,1998848,0.09000243663787842,0.685
D,0.4,2,32768,-1.0746800303459167,0.0
D,0.4,2,49152,-1.1340399318271213,0.0
D,0.4,2,65536,-1.1924224180333756,0.0
D,0.4,2,81920,-1.243886009384604,0.0
D,0.4,2,98304,-1.2854368950499864,0.0
D,0.4,2,114688,-1.303631213733128,0.0
D,0.4,2,131072,-1.3067374062704873,0.0
D,0.4,2,147456,-1.3091667658530626,0.0
D,0.4,2,163840,0.12652114957571028,0.735
D,0.4,2,180224,0.0823831844329834,0.715
D,0.4,2,196608,0.05635678142309189,0.7
D,0.4,2,212992,-0.024210652410984038,0.65
D,0.4,2,229376,-0.15184089601039885,0.585
D,0.4,2,245760,-0.2419065611064434,0.54
D,0.4,2,262144,-0.42539944127202034,0.45
D,0.4,2,278528,-0.4990370154380798,0.415
D,0.4,2,294912,-0.4730053225159645,0.43
D,0.4,2,311296,0.21054838493466377,0.765
D,0.4,2,327680,0.1554332707822323,0.74
D,0.4,2,344064,0.11178515389561654,0.71
D,0.4,2,360448,0.0028684574365615847,0.655
D,0.4,2,376832,-0.07187564879655838,0.615
D,0.4,2,393216,-0.22957002729177475,0.535
D,0.4,2,409600,-0.3338348971307278,0.485
D,0.4,2,425984,-0.29436043903231623,0.51
D,0.4,2,442368,-0.3106180216372013,0.51
D,0.4,2,458752,-0.32533430591225626,0.505
D,0.4,2,475136,0.11263256862759591,0.695
D,0.4,2,491520,0.053658029288053515,0.675
D,0.4,2,507904,0.024688694179058075,0.66
D,0.4,2,524288,-0.043647189885377885,0.625
D,0.4,2,540672,-0.10546636670827865,0.595
D,0.4,2,557056,-0.14170302242040633,0.57
D,0.4,2,573440,-0.16483381882309914,0.545
D,0.4,2,589824,-0.15660725489258767,0.545
D,0.4,2,606208,-0.16570613771677017,0.54
D,0.4,2,622592,0.17604036256670952,0.735
D,0.4,2,638976,0.10969887971878052,0.7
D,0.4,2,655360,0.023592335730791093,0.65
D,0.4,2,671744,-0.06314906373620033,0.595
D,0.4,2,688128,-0.14469226330518722,0.55
D,0.4,2,704512,-0.12132203117012978,0.57
D,0.4,2,720896,-0.021534812897443772,0.64
D,0.4,2,737280,-0.04690836295485497,0.63
D,0.4,2,753664,-0.0865183587372303,0.61
D,0.4,2,770048,0.17795653015375137,0.75
D,0.4,2,786432,0.16810220330953599,0.74
D,0.4,2,802816,0.11518030226230622,0.725
D,0.4,2,819200,0.0935116907954216,0.725
D,0.4,2,835584,0.01481088176369667,0.67
D,0.4,2,851968,-0.08322959005832672,0.595
D,0.4,2,868352,-0.0061774817109107975,0.62
D,0.4,2,884736,-0.04153710961341858,0.605
D,0.4,2,901120,-0.0639753945171833,0.59
D,0.4,2,917504,-0.1019356219470501,0.575
D,0.4,2,933888,0.07360018491744995,0.66
D,0.4,2,950272,0.03167261213064194,0.635
D,0.4,2,966656,-0.01327491268515587,0.615
D,0.4,2,983040,-0.09757905930280686,0.575
D,0.4,2,999424,-0.11620604515075683,0.585
D,0.4,2,1015808,-0.038753040879964826,0.64
D,0.4,2,1032192,-0.023815013766288758,0.62
D,0.4,2,1048576,-0.04821490064263344,0.605
D,0.4,2,1064960,-0.056743521243333817,0.6
D,0.4,2,1081344,0.08593665137887001,0.675
D,0.4,2,1097728,0.10307985737919807,0.68
D,0.4,2,1114112,0.06881768569350243,0.665
D,0.4,2,1130496,0.02138853371143341,0.645
D,0.4,2,1146880,-0.0341416235268116,0.605
D,0.4,2,1163264,-0.005152386873960495,0.63
D,0.4,2,1179648,0.02183422788977623,0.63
D,0.4,2,1196032,0.015190535187721253,0.635
D,0.4,2,1212416,-0.03328375622630119,0.61
D,0.4,2,1228800,0.05186705633997917,0.655
D,0.4,2,1245184,0.10912334755063056,0.69
D,0.4,2,1261568,0.12041755825281143,0.71
D,0.4,2,1277952,0.08869385272264481,0.7
D,0.4,2,1294336,0.04335546106100083,0.665
D,0.4,2,1310720,-0.07826854303479194,0.59
D,0.4,2,1327104,-0.006451878696680069,0.625
D,0.4,2,1343488,-0.0057075943052768705,0.64
D,0.4,2,1359872,0.01246319517493248,0.655
D,0.4,2,1376256,-0.0049178370833396915,0.64
D,0.4,2,1392640,0.002608477622270584,0.605
D,0.4,2,1409024,0.01628305569291115,0.62
D,0.4,2,1425408,0.01731691002845764,0.64
D,0.4,2,1441792,0.027291257828474046,0.665
D,0.4,2,1458176,-0.00991462469100952,0.65
D,0.4,2,1474560,0.06371732845902443,0.695
D,0.4,2,1490944,0.0851090170443058,0.7
D,0.4,2,1507328,0.07667711332440376,0.7
D,0.4,2,1523712,0.06992901563644409,0.69
D,0.4,2,1540096,0.10605282798409461,0.705
D,0.4,2,1556480,0.05547107502818108,0.67
D,0.4,2,1572864,0.02784175619482994,0.66
D,0.4,2,1589248,-0.02600464403629303,0.64
D,0.4,2,1605632,-0.06217731550335884,0.62
D,0.4,2,1622016,0.02923071563243866,0.665
D,0.4,2,1638400,0.04488563239574432,0.655
D,0.4,2,1654784,0.02563696786761284,0.645
D,0.4,2,1671168,0.003922982513904572,0.63
D,0.4,2,1687552,-0.08775822788476945,0.595
D,0.4,2,1703936,0.03704550951719284,0.655
D,0.4,2,1720320,0.07490209296345711,0.68
D,0.4,2,1736704,0.041252589970827105,0.66
D,0.4,2,1753088,-0.04983723193407059,0.615
D,0.4,2,1769472,-0.06800389185547828,0.61
D,0.4,2,1785856,-0.05084257334470749,0.615
D,0.4,2,1802240,-0.009325757771730423,0.65
D,0.4,2,1818624,0.011345363557338714,0.66
D,0.4,2,1835008,-0.053139207661151884,0.625
D,0.4,2,1851392,0.11282949984073638,0.705
D,0.4,2,1867776,0.13534727305173874,0.715
D,0.4,2,1884160,0.15351152196526527,0.715
D,0.4,2,1900544,0.15710111409425737,0.725
D,0.4,2,1916928,0.113135674148798,0.71
D,0.4,2,1933312,0.10904606685042381,0.715
D,0.4,2,1949696,0.09388930678367614,0.715
D,0.4,2,1966080,0.062230284959077835,0.7
D,0.4,2,1982464,0.08868078917264938,0.72
D,0.4,2,1998848,0.157716296762228,0.75
D,0.4,3,16384,-1.026628017425537,0.0
D,0.4,3,32768,-1.0734668118613107,0.0
D,0.4,3,49152,-1.1370458889007569,0.0
D,0.4,3,65536,-1.2111353422656204,0.0
D,0.4,3,81920,-1.2485574038341791,0.0
D,0.4,3,98304,-1.2866185894518187,0.0
D,0.4,3,114688,-1.3089158675249886,0.0
D,0.4,3,131072,-1.3080295114397253,0.0
D,0.4,3,147456,-1.308914841305126,0.0
D,0.4,3,163840,0.08281727358698845,0.715
D,0.4,3,180224,0.06939399048686028,0.715
D,0.4,3,196608,0.00684046521782875,0.675
D,0.4,3,212992,-0.15565282553434373,0.585
D,0.4,3,229376,-0.2652200984954834,0.53
D,0.4,3,245760,-0.42898386538028715,0.445
D,0.4,3,262144,-0.540974840670824,0.385
D,0.4,3,278528,-0.5523155075311661,0.375
D,0.4,3,294912,-0.5795056784152984,0.365
D,0.4,3,311296,0.11645247086882592,0.675
D,0.4,3,327680,0.04317291796207428,0.645
D,0.4,3,344064,-0.039136194586753846,0.59
D,0.4,3,360448,-0.10782072380185127,0.555
D,0.4,3,376832,-0.23227140113711356,0.5
D,0.4,3,393216,-0.3198324567079544,0.455
D,0.4,3,409600,-0.3290073299407959,0.46
D,0.4,3,425984,-0.3619795608520508,0.45
D,0.4,3,442368,-0.388727752417326,0.44
D,0.4,3,458752,-0.3836153681576252,0.445
D,0.4,3,475136,0.11103834852576255,0.675
D,0.4,3,491520,0.057104700803756715,0.665
D,0.4,3,507904,-0.008319801986217498,0.64
D,0.4,3,524288,-0.13029439568519594,0.585
D,0.4,3,540672,-0.20082297369837762,0.545
D,0.4,3,557056,-0.21437521442770957,0.515
D,0.4,3,573440,-0.25262507423758507,0.48
D,0.4,3,589824,-0.25785521894693375,0.475
D,0.4,3,606208,-0.3147652757167816,0.445
D,0.4,3,622592,0.14109538108110428,0.7
D,0.4,3,638976,0.08698709517717361,0.67
D,0.4,3,655360,-0.051203103959560396,0.595
D,0.4,3,671744,-0.16624648720026017,0.54
D,0.4,3,688128,-0.24780215159058572,0.5
D,0.4,3,704512,-0.22996738955378532,0.51
D,0.4,3,720896,-0.1621825274825096,0.54
D,0.4,3,737280,-0.14489817887544632,0.545
D,0.4,3,753664,-0.15504878431558608,0.55
D,0.4,3,770048,0.08944795235991478,0.675
D,0.4,3,786432,0.058313456177711484,0.65
D,0.4,3,802816,0.07270895406603813,0.66
D,0.4,3,819200,0.037712452560663225,0.65
D,0.4,3,835584,-0.011815848052501679,0.625
D,0.4,3,851968,-0.022965550869703293,0.63
D,0.4,3,868352,-0.07036708310246467,0.595
D,0.4,3,884736,-0.13743761092424392,0.545
D,0.4,3,901120,-0.22817721590399742,0.49
D,0.4,3,917504,-0.2192270800471306,0.5
D,0.4,3,933888,-0.004775430113077164,0.6
D,0.4,3,950272,0.00901680886745453,0.615
D,0.4,3,966656,-0.04518230482935905,0.595
D,0.4,3,983040,-0.08498602390289306,0.595
D,0.4,3,999424,-0.07900659635663032,0.6
D,0.4,3,1015808,-0.045127160698175434,0.61
D,0.4,3,1032192,-0.041753248870372774,0.61
D,0.4,3,1048576,-0.025702559053897858,0.625
D,0.4,3,1064960,-0.0979425387084484,0.575
D,0.4,3,1081344,0.09157249718904495,0.675
D,0.4,3,1097728,0.11626639038324356,0.695
D,0.4,3,1114112,0.08198297396302223,0.67
D,0.4,3,1130496,0.04106369957327843,0.65
D,0.4,3,1146880,-0.009805725812911987,0.625
D,0.4,3,1163264,-0.09620156407356262,0.57
D,0.4,3,1179648,-0.09468586206436157,0.565
D,0.4,3,1196032,-0.11010215640068054,0.545
D,0.4,3,1212416,-0.10066208466887475,0.555
D,0.4,3,1228800,0.09614992961287498,0.685
D,0.4,3,1245184,0.08215059086680412,0.685
D,0.4,3,1261568,0.07050947681069374,0.68
D,0.4,3,1277952,0.06781854838132859,0.665
D,0.4,3,1294336,-0.09416073739528656,0.56
D,0.4,3,1310720,-0.12262473478913308,0.55
D,0.4,3,1327104,-0.0688130983710289,0.595
D,0.4,3,1343488,-0.03957283586263657,0.62
D,0.4,3,1359872,0.006086320579051971,0.65
D,0.4,3,1376256,0.03187010392546654,0.665
D,0.4,3,1392640,0.08785582020878792,0.685
D,0.4,3,1409024,0.03925092488527298,0.66
D,0.4,3,1425408,-0.03538096070289612,0.62
D,0.4,3,1441792,-0.09610793218016625,0.585
D,0.4,3,1458176,-0.09229390248656273,0.59
D,0.4,3,1474560,-0.05700059443712235,0.61
D,0.4,3,1490944,-0.11693904474377632,0.57
D,0.4,3,1507328,-0.17078681409358978,0.54
D,0.4,3,1523712,-0.14242071524262429,0.56
D,0.4,3,1540096,-0.06373196884989739,0.59
D,0.4,3,1556480,-0.017300438433885575,0.615
D,0.4,3,1572864,-0.03776835501194,0.6
D,0.4,3,1589248,-0.0011032228171825409,0.63
D,0.4,3,1605632,-0.048469216674566266,0.605
D,0.4,3,1622016,0.03574991345405579,0.665
D,0.4,3,1638400,0.044165359288454054,0.665
D,0.4,3,1654784,0.06445684790611267,0.675
D,0.4,3,1671168,0.042597686648368834,0.655
D,0.4,3,1687552,-0.04294637262821197,0.605
D,0.4,3,1703936,-0.027937007546424867,0.605
D,0.4,3,1720320,-0.02056861236691475,0.615
D,0.4,3,1736704,0.028953672647476197,0.645
D,0.4,3,1753088,0.010974704325199126,0.63
D,0.4,3,1769472,-0.0079602612555027,0.62
D,0.4,3,1785856,0.07937000319361687,0.68
D,0.4,3,1802240,0.10937762767076492,0.695
D,0.4,3,1818624,0.09126905262470246,0.685
D,0.4,3,1835008,0.10849306479096413,0.705
D,0.4,3,1851392,-0.024939735531806947,0.615
D,0.4,3,1867776,-0.03790179371833801,0.61
D,0.4,3,1884160,-0.038761629462242125,0.6
D,0.4,3,1900544,0.01814285233616829,0.635
D,0.4,3,1916928,0.007347886264324188,0.635
D,0.4,3,1933312,0.040389974415302274,0.655
D,0.4,3,1949696,0.05608750611543655,0.655
D,0.4,3,1966080,0.08767383620142936,0.675
D,0.4,3,1982464,0.07478499442338943,0.665
D,0.4,3,1998848,0.042394611686468124,0.64
D,0.4,4,32768,-1.105216145515442,0.0
D,0.4,4,49152,-1.1425794688138096,0.0
D,0.4,4,65536,-1.2029147829328264,0.0
D,0.4,4,81920,-1.2406970598328282,0.0
D,0.4,4,98304,-1.2926258547947957,0.0
D,0.4,4,114688,-1.3248286003202905,0.0
D,0.4,4,131072,-1.3258429512833103,0.0
D,0.4,4,147456,-1.323411456972575,0.0
D,0.4,4,163840,0.1381509083509445,0.7
D,0.4,4,180224,0.07429834187030793,0.67
D,0.4,4,196608,0.03581324070692062,0.65
D,0.4,4,212992,-0.08621422678232193,0.6
D,0.4,4,229376,-0.24493587672710418,0.52
D,0.4,4,245760,-0.4031537912786007,0.445
D,0.4,4,262144,-0.5728241892158985,0.38
D,0.4,4,278528,-0.6005241598188877,0.365
D,0.4,4,294912,-0.6049824930727482,0.36
D,0.4,4,311296,0.22534341767430305,0.77
D,0.4,4,327680,0.16286632940173149,0.74
D,0.4,4,344064,0.1522981607913971,0.74
D,0.4,4,360448,0.09235729098320007,0.71
D,0.4,4,376832,-0.034028400182723996,0.635
D,0.4,4,393216,-0.12227057993412017,0.585
D,0.4,4,409600,-0.17323384329676628,0.545
D,0.4,4,425984,-0.17184304386377336,0.555
D,0.4,4,442368,-0.1911257480084896,0.55
D,0.4,4,458752,-0.2074571017920971,0.545
D,0.4,4,475136,0.2185729905962944,0.765
D,0.4,4,491520,0.16791567385196685,0.74
D,0.4,4,507904,0.12304144695401192,0.725
D,0.4,4,524288,0.007093379944562912,0.665
D,0.4,4,540672,-0.03922160118818283,0.645
D,0.4,4,557056,-0.08406011298298836,0.6
D,0.4,4,573440,-0.0032118989527225496,0.64
D,0.4,4,589824,-0.0578332157433033,0.605
D,0.4,4,606208,-0.08667993143200875,0.585
D,0.4,4,622592,0.1261442568898201,0.675
D,0.4,4,638976,0.10127938538789749,0.67
D,0.4,4,655360,0.0535368537902832,0.65
D,0.4,4,671744,-0.010989080667495727,0.625
D,0.4,4,688128,-0.08347527116537094,0.6
D,0.4,4,704512,-0.07668587863445282,0.62
D,0.4,4,720896,-0.034758525639772414,0.64
D,0.4,4,737280,-0.07939964234828949,0.605
D,0.4,4,753664,-0.1029140219092369,0.585
D,0.4,4,770048,0.14979221537709236,0.71
D,0.4,4,786432,0.1571875512599945,0.71
D,0.4,4,802816,0.09210460469126701,0.68
D,0.4,4,819200,0.10912025287747383,0.705
D,0.4,4,835584,0.011542910635471344,0.655
D,0.4,4,851968,-0.0481422258913517,0.61
D,0.4,4,868352,-0.029926622807979582,0.605
D,0.4,4,884736,0.008258080333471298,0.63
D,0.4,4,901120,-0.00010024681687355041,0.635
D,0.4,4,917504,-0.0032296714186668394,0.63
D,0.4,4,933888,0.1811067634820938,0.725
D,0.4,4,950272,0.1544054478406906,0.7
D,0.4,4,966656,0.0573077318072319,0.64
D,0.4,4,983040,0.03498699814081192,0.655
D,0.4,4,999424,-0.020761311650276185,0.63
D,0.4,4,1015808,-0.01205143466591835,0.635
D,0.4,4,1032192,0.07453379333019257,0.69
D,0.4,4,1048576,-0.02637236014008522,0.635
D,0.4,4,1064960,-0.08975003480911255,0.6
D,0.4,4,1081344,-0.017078166604042055,0.6
D,0.4,4,1097728,0.0751924304664135,0.65
D,0.4,4,1114112,0.10175442665815354,0.68
D,0.4,4,1130496,0.05623829424381256,0.675
D,0.4,4,1146880,0.020887745916843413,0.67
D,0.4,4,1163264,0.0009769311547279359,0.655
D,0.4,4,1179648,0.058370550870895384,0.68
D,0.4,4,1196032,0.08461766436696053,0.695
D,0.4,4,1212416,0.03029676675796509,0.665
D,0.4,4,1228800,0.1278503991663456,0.715
D,0.4,4,1245184,0.08830185905098915,0.685
D,0.4,4,1261568,0.09624572098255157,0.685
D,0.4,4,1277952,0.027984339892864227,0.635
D,0.4,4,1294336,-0.09841367080807686,0.555
D,0.4,4,1310720,-0.10973922654986382,0.56
D,0.4,4,1327104,-0.0027494792640209197,0.635
D,0.4,4,1343488,0.006505907773971558,0.65
D,0.4,4,1359872,-0.009837450534105301,0.65
D,0.4,4,1376256,-0.020335469394922256,0.64
D,0.4,4,1392640,-0.010931102633476257,0.63
D,0.4,4,1409024,-0.031203025728464128,0.615
D,0.4,4,1425408,-0.028772880733013154,0.62
D,0.4,4,1441792,-0.08953643336892128,0.585
D,0.4,4,1458176,-0.059415637701749804,0.595
D,0.4,4,1474560,-0.016273009926080703,0.615
D,0.4,4,1490944,0.013887155652046203,0.645
D,0.4,4,1507328,-0.008003108352422714,0.64
D,0.4,4,1523712,0.0035778672993183134,0.65
D,0.4,4,1540096,0.10024340748786927,0.695
D,0.4,4,1556480,0.06388685286045075,0.675
D,0.4,4,1572864,0.045070595592260364,0.67
D,0.4,4,1589248,-0.017795785069465636,0.625
D,0.4,4,1605632,-0.06421891763806344,0.595
D,0.4,4,1622016,-0.03245825752615929,0.61
D,0.4,4,1638400,0.04957859009504318,0.66
D,0.4,4,1654784,0.010787174105644226,0.64
D,0.4,4,1671168,0.034034176766872405,0.65
D,0.4,4,1687552,0.028907326459884645,0.645
D,0.4,4,1703936,0.11814749911427498,0.695
D,0.4,4,1720320,0.1004502995312214,0.68
D,0.4,4,1736704,0.09671469792723655,0.675
D,0.4,4,1753088,0.08655677288770676,0.685
D,0.4,4,1769472,0.0978160659968853,0.69
D,0.4,4,1785856,0.11984433367848396,0.705
D,0.4,4,1802240,0.08702733442187309,0.67
D,0.4,4,1818624,0.04090550974011421,0.65
D,0.4,4,1835008,-0.02296746090054512,0.605
D,0.4,4,1851392,0.028572835475206376,0.64
D,0.4,4,1867776,0.011512004435062409,0.62
D,0.4,4,1884160,0.05548602968454361,0.645
D,0.4,4,1900544,0.032829969227313995,0.635
D,0.4,4,1916928,-0.009477360844612122,0.615
D,0.4,4,1933312,0.015502363294363022,0.65
D,0.4,4,1949696,0.053160928189754486,0.665
D,0.4,4,1966080,0.0835548460483551,0.675
D,0.4,4,1982464,0.10084652468562126,0.695
D,0.4,4,1998848,0.09937968909740448,0.68
E,0.1,0,81920,-1.6197545528411865,0.0
E,0.1,0,98304,-1.6197545528411865,0.0
E,0.1,0,114688,-1.7644010186195374,0.0
E,0.1,0,131072,-1.7644010186195374,0.0
E,0.1,0,147456,-1.7644010186195374,0.0
E,0.1,0,163840,-1.3083760774135589,0.0
E,0.1,0,180224,-1.3083760774135589,0.0
E,0.1,0,196608,-1.3083760774135589,0.0
E,0.1,0,212992,-1.3083760774135589,0.0
E,0.1,0,229376,-1.307803470492363,0.0
E,0.1,0,245760,-1.307803470492363,0.0
E,0.1,0,262144,-1.3104016745090485,0.0
E,0.1,0,278528,-1.3104016745090485,0.0
E,0.1,0,294912,-1.3142580103874206,0.0
E,0.1,0,311296,-1.2309782475233078,0.0
E,0.1,0,327680,-1.2309782475233078,0.0
E,0.1,0,344064,-1.2309782475233078,0.0
E,0.1,0,360448,-1.2309782475233078,0.0
E,0.1,0,376832,-1.2309782475233078,0.0
E,0.1,0,393216,-1.2309963864088058,0.0
E,0.1,0,409600,-1.2309963864088058,0.0
E,0.1,0,425984,-1.229585406780243,0.0
E,0.1,0,442368,-1.2293324255943299,0.0
E,0.1,0,458752,-1.2293324255943299,0.0
E,0.1,0,475136,-1.1626123255491256,0.0
E,0.1,0,491520,-1.1626123255491256,0.0
E,0.1,0,507904,-1.1626123255491256,0.0
E,0.1,0,524288,-1.1626123255491256,0.0
E,0.1,0,540672,-1.1626414394378661,0.0
E,0.1,0,557056,-1.1626414394378661,0.0
E,0.1,0,573440,-1.1623656809329987,0.0
E,0.1,0,589824,-1.1620559233427048,0.0
E,0.1,0,606208,-1.1620559233427048,0.0
E,0.1,0,622592,-1.0994057849049568,0.0
E,0.1,0,638976,-1.0994057849049568,0.0
E,0.1,0,655360,-1.0994057849049568,0.0
E,0.1,0,671744,-1.0994057849049568,0.0
E,0.1,0,688128,-1.099435678422451,0.0
E,0.1,0,704512,-1.099435678422451,0.0
E,0.1,0,720896,-1.0990344187617302,0.0
E,0.1,0,737280,-1.1028377851843834,0.0
E,0.1,0,753664,-1.1025893571972847,0.0
E,0.1,0,770048,-1.0473151323199272,0.0
E,0.1,0,786432,-1.0473151323199272,0.0
E,0.1,0,802816,-1.0473151323199272,0.0
E,0.1,0,819200,-1.0473151323199272,0.0
E,0.1,0,835584,-1.0473151323199272,0.0
E,0.1,0,851968,-1.0471858689188958,0.0
E,0.1,0,868352,-1.0471858689188958,0.0
E,0.1,0,884736,-1.0524424406886101,0.0
E,0.1,0,901120,-1.0523317769169807,0.0
E,0.1,0,917504,-1.0523317769169807,0.0
E,0.1,0,933888,-0.9992744496464729,0.0
E,0.1,0,950272,-0.9992744496464729,0.0
E,0.1,0,966656,-0.9992744496464729,0.0
E,0.1,0,983040,-0.9992744496464729,0.0
E,0.1,0,999424,-1.0010687318444251,0.0
E,0.1,0,1015808,-1.0010687318444251,0.0
E,0.1,0,1032192,-1.0001418235898019,0.0
E,0.1,0,1048576,-1.0075109764933585,0.0
E,0.1,0,1064960,-1.0118009242415429,0.0
E,0.1,0,1081344,-0.9492306756973267,0.0
E,0.1,0,1097728,-0.9492306756973267,0.0
E,0.1,0,1114112,-0.9492306756973267,0.0
E,0.1,0,1130496,-0.9492306756973267,0.0
E,0.1,0,1146880,-0.9491310358047486,0.0
E,0.1,0,1163264,-0.9489920562505723,0.0
E,0.1,0,1179648,-0.9490294894576072,0.0
E,0.1,0,1196032,-0.9484950739145279,0.0
E,0.1,0,1212416,-0.9478713247179985,0.0
E,0.1,0,1228800,-0.9123924040794372,0.0
E,0.1,0,1245184,-0.9123924040794372,0.0
E,0.1,0,1261568,-0.9123924040794372,0.0
E,0.1,0,1277952,-0.9123924040794372,0.0
E,0.1,0,1294336,-0.9120845580101014,0.0
E,0.1,0,1310720,-0.911853988468647,0.0
E,0.1,0,1327104,-0.911853988468647,0.0
E,0.1,0,1343488,-0.9138597020506859,0.0
E,0.1,0,1359872,-0.9133629348874092,0.0
E,0.1,0,1376256,-0.9133629348874092,0.0
E,0.1,0,1392640,-0.8696882385015487,0.0
E,0.1,0,1409024,-0.8696882385015487,0.0
E,0.1,0,1425408,-0.8696882385015487,0.0
E,0.1,0,1441792,-0.8696882385015487,0.0
E,0.1,0,1458176,-0.8691649827361106,0.0
E,0.1,0,1474560,-0.8691649827361106,0.0
E,0.1,0,1490944,-0.8691220274567604,0.0
E,0.1,0,1507328,-0.8723342108726502,0.0
E,0.1,0,1523712,-0.8717929011583329,0.0
E,0.1,0,1540096,-0.8255293551087379,0.0
E,0.1,0,1556480,-0.8255293551087379,0.0
E,0.1,0,1572864,-0.8255293551087379,0.0
E,0.1,0,1589248,-0.8255293551087379,0.0
E,0.1,0,1605632,-0.8280754354596138,0.0
E,0.1,0,1622016,-0.8284347653388977,0.0
E,0.1,0,1638400,-0.8284347653388977,0.0
E,0.1,0,1654784,-0.8276032799482346,0.0
E,0.1,0,1671168,-0.8273315700888634,0.0
E,0.1,0,1687552,-0.8271432802081108,0.0
E,0.1,0,1703936,-0.7953541997075081,0.0
E,0.1,0,1720320,-0.7953541997075081,0.0
E,0.1,0,1736704,-0.7953541997075081,0.0
E,0.1,0,1753088,-0.7953541997075081,0.0
E,0.1,0,1769472,-0.7953787499666214,0.0
E,0.1,0,1785856,-0.7953787499666214,0.0
E,0.1,0,1802240,-0.7975765976309777,0.0
E,0.1,0,1818624,-0.7963048142194747,0.0
E,0.1,0,1835008,-0.7963048142194747,0.0
E,0.1,0,1851392,-0.7631841331720353,0.0
E,0.1,0,1867776,-0.7631841331720353,0.0
E,0.1,0,1884160,-0.7631841331720353,0.0
E,0.1,0,1900544,-0.7631841331720353,0.0
E,0.1,0,1916928,-0.7628755590319634,0.0
E,0.1,0,1933312,-0.7628755590319634,0.0
E,0.1,0,1949696,-0.7621308428049087,0.0
E,0.1,0,1966080,-0.7653539210557938,0.0
E,0.1,0,1982464,-0.7651299464702607,0.0
E,0.1,0,1998848,-0.7279886296391487,0.0
E,0.1,1,65536,-1.5233047405878704,0.0
E,0.1,1,81920,-1.529709815979004,0.0
E,0.1,1,98304,-1.529709815979004,0.0
E,0.1,1,114688,-1.529709815979004,0.0
E,0.1,1,131072,-1.529709815979004,0.0
E,0.1,1,147456,-1.6824773788452148,0.0
E,0.1,1,163840,-1.310503306388855,0.0
E,0.1,1,180224,-1.310503306388855,0.0
E,0.1,1,196608,-1.310503306388855,0.0
E,0.1,1,212992,-1.3103992885351181,0.0
E,0.1,1,229376,-1.3108339774608613,0.0
E,0.1,1,245760,-1.3108339774608613,0.0
E,0.1,1,262144,-1.3108339774608613,0.0
E,0.1,1,278528,-1.3108339774608613,0.0
E,0.1,1,294912,-1.3108339774608613,0.0
E,0.1,1,311296,-1.2376525783538819,0.0
E,0.1,1,327680,-1.2376525783538819,0.0
E,0.1,1,344064,-1.2376525783538819,0.0
E,0.1,1,360448,-1.2376525783538819,0.0
E,0.1,1,376832,-1.236889484524727,0.0
E,0.1,1,393216,-1.2393474173545838,0.0
E,0.1,1,409600,-1.2393474173545838,0.0
E,0.1,1,425984,-1.2393474173545838,0.0
E,0.1,1,442368,-1.243014054298401,0.0
E,0.1,1,458752,-1.2415256571769715,0.0
E,0.1,1,475136,-1.1709907585382462,0.0
E,0.1,1,491520,-1.1709907585382462,0.0
E,0.1,1,507904,-1.1709907585382462,0.0
E,0.1,1,524288,-1.1710979926586151,0.0
E,0.1,1,540672,-1.171527465581894,0.0
E,0.1,1,557056,-1.1715817534923554,0.0
E,0.1,1,573440,-1.1715817534923554,0.0
E,0.1,1,589824,-1.1715817534923554,0.0
E,0.1,1,606208,-1.1709451693296433,0.0
E,0.1,1,622592,-1.1149553954601288,0.0
E,0.1,1,638976,-1.1149553954601288,0.0
E,0.1,1,655360,-1.1149553954601288,0.0
E,0.1,1,671744,-1.11534961104393,0.0
E,0.1,1,688128,-1.115060006380081,0.0
E,0.1,1,704512,-1.1153275960683822,0.0
E,0.1,1,720896,-1.1153275960683822,0.0
E,0.1,1,737280,-1.1153275960683822,0.0
E,0.1,1,753664,-1.1154391795396805,0.0
E,0.1,1,770048,-1.0508556881546973,0.0
E,0.1,1,786432,-1.0508556881546973,0.0
E,0.1,1,802816,-1.0508556881546973,0.0
E,0.1,1,819200,-1.0508556881546973,0.0
E,0.1,1,835584,-1.050911137163639,0.0
E,0.1,1,851968,-1.050911137163639,0.0
E,0.1,1,868352,-1.0510778048634528,0.0
E,0.1,1,884736,-1.0510778048634528,0.0
E,0.1,1,901120,-1.0549544528126718,0.0
E,0.1,1,917504,-1.0538353878259659,0.0
E,0.1,1,933888,-0.9979573148488998,0.0
E,0.1,1,950272,-0.9979573148488998,0.0
E,0.1,1,966656,-0.9979573148488998,0.0
E,0.1,1,983040,-0.9980396556854249,0.0
E,0.1,1,999424,-0.9979544591903686,0.0
E,0.1,1,1015808,-0.9979329937696457,0.0
E,0.1,1,1032192,-1.0014315846562385,0.0
E,0.1,1,1048576,-1.0014315846562385,0.0
E,0.1,1,1064960,-1.0003830870985986,0.0
E,0.1,1,1081344,-0.9525809779763221,0.0
E,0.1,1,1097728,-0.9525809779763221,0.0
E,0.1,1,1114112,-0.9525809779763221,0.0
E,0.1,1,1130496,-0.9525809779763221,0.0
E,0.1,1,1146880,-0.951741356253624,0.0
E,0.1,1,1163264,-0.9516910988092423,0.0
E,0.1,1,1179648,-0.9516910988092423,0.0
E,0.1,1,1196032,-0.9555664905905723,0.0
E,0.1,1,1212416,-0.955040537416935,0.0
E,0.1,1,1228800,-0.9096961313486099,0.0
E,0.1,1,1245184,-0.9096961313486099,0.0
E,0.1,1,1261568,-0.9096961313486099,0.0
E,0.1,1,1277952,-0.9096961313486099,0.0
E,0.1,1,1294336,-0.9114584124088287,0.0
E,0.1,1,1310720,-0.9113000535964966,0.0
E,0.1,1,1327104,-0.9112517645955086,0.0
E,0.1,1,1343488,-0.9145010349154472,0.0
E,0.1,1,1359872,-0.9256492057442665,0.0
E,0.1,1,1376256,-0.9298408979177475,0.0
E,0.1,1,1392640,-0.8709869477152824,0.0
E,0.1,1,1409024,-0.8709869477152824,0.0
E,0.1,1,1425408,-0.8709869477152824,0.0
E,0.1,1,1441792,-0.8709740760922432,0.0
E,0.1,1,1458176,-0.872803289592266,0.0
E,0.1,1,1474560,-0.8729884299635887,0.0
E,0.1,1,1490944,-0.8767223641276359,0.0
E,0.1,1,1507328,-0.8761494421958923,0.0
E,0.1,1,1523712,-0.8795836779475212,0.0
E,0.1,1,1540096,-0.8402299824357032,0.0
E,0.1,1,1556480,-0.8402299824357032,0.0
E,0.1,1,1572864,-0.8402299824357032,0.0
E,0.1,1,1589248,-0.8402299824357032,0.0
E,0.1,1,1605632,-0.8395368605852127,0.0
E,0.1,1,1622016,-0.8395751950144767,0.0
E,0.1,1,1638400,-0.8395751950144767,0.0
E,0.1,1,1654784,-0.8390891808271408,0.0
E,0.1,1,1671168,-0.8426799035072327,0.0
E,0.1,1,1687552,-0.8421927985548973,0.0
E,0.1,1,1703936,-0.8086992061138153,0.0
E,0.1,1,1720320,-0.8086992061138153,0.0
E,0.1,1,1736704,-0.8086992061138153,0.0
E,0.1,1,1753088,-0.8086191105842591,0.0
E,0.1,1,1769472,-0.8085935965180397,0.0
E,0.1,1,1785856,-0.8085216373205185,0.0
E,0.1,1,1802240,-0.8082788738608361,0.0
E,0.1,1,1818624,-0.807633712887764,0.0
E,0.1,1,1835008,-0.8070937734842301,0.0
E,0.1,1,1851392,-0.7733835890889168,0.0
E,0.1,1,1867776,-0.7733835890889168,0.0
E,0.1,1,1884160,-0.7733835890889168,0.0
E,0.1,1,1900544,-0.7733808264136315,0.0
E,0.1,1,1916928,-0.7735099732875824,0.0
E,0.1,1,1933312,-0.7765967160463333,0.0
E,0.1,1,1949696,-0.7757753956317902,0.0
E,0.1,1,1966080,-0.77892298579216,0.0
E,0.1,1,1982464,-0.7789463114738464,0.0
E,0.1,1,1998848,-0.7373868334293365,0.0
E,0.1,2,114688,-1.8653900623321533,0.0
E,0.1,2,131072,-1.8653900623321533,0.0
E,0.1,2,147456,-1.8653900623321533,0.0
E,0.1,2,163840,-1.3161412316560746,0.0
E,0.1,2,180224,-1.3161412316560746,0.0
E,0.1,2,196608,-1.3161412316560746,0.0
E,0.1,2,212992,-1.3161412316560746,0.0
E,0.1,2,229376,-1.3161412316560746,0.0
E,0.1,2,245760,-1.3161412316560746,0.0
E,0.1,2,262144,-1.3155622535943985,0.0
E,0.1,2,278528,-1.3155622535943985,0.0
E,0.1,2,294912,-1.3155622535943985,0.0
E,0.1,2,311296,-1.2397058510780334,0.0
E,0.1,2,327680,-1.2397058510780334,0.0
E,0.1,2,344064,-1.2397058510780334,0.0
E,0.1,2,360448,-1.2397058510780334,0.0
E,0.1,2,376832,-1.2397058510780334,0.0
E,0.1,2,393216,-1.2397058510780334,0.0
E,0.1,2,409600,-1.2397058510780334,0.0
E,0.1,2,425984,-1.2425393003225327,0.0
E,0.1,2,442368,-1.2425393003225327,0.0
E,0.1,2,458752,-1.2417440688610077,0.0
E,0.1,2,475136,-1.1667959576845168,0.0
E,0.1,2,491520,-1.1667959576845168,0.0
E,0.1,2,507904,-1.1667959576845168,0.0
E,0.1,2,524288,-1.1667959576845168,0.0
E,0.1,2,540672,-1.1667959576845168,0.0
E,0.1,2,557056,-1.1667959576845168,0.0
E,0.1,2,573440,-1.1663074642419815,0.0
E,0.1,2,589824,-1.1663074642419815,0.0
E,0.1,2,606208,-1.1663074642419815,0.0
E,0.1,2,622592,-1.1115219566226004,0.0
E,0.1,2,638976,-1.1115219566226004,0.0
E,0.1,2,655360,-1.1115219566226004,0.0
E,0.1,2,671744,-1.1115219566226004,0.0
E,0.1,2,688128,-1.1115219566226004,0.0
E,0.1,2,704512,-1.1115219566226004,0.0
E,0.1,2,720896,-1.1115693947672844,0.0
E,0.1,2,737280,-1.1179361680150033,0.0
E,0.1,2,753664,-1.1179361680150033,0.0
E,0.1,2,770048,-1.0573148998618125,0.0
E,0.1,2,786432,-1.0573148998618125,0.0
E,0.1,2,802816,-1.0573148998618125,0.0
E,0.1,2,819200,-1.0573148998618125,0.0
E,0.1,2,835584,-1.0592302694916724,0.0
E,0.1,2,851968,-1.0592302694916724,0.0
E,0.1,2,868352,-1.0615509423613547,0.0
E,0.1,2,884736,-1.066621694266796,0.0
E,0.1,2,901120,-1.0665089842677116,0.0
E,0.1,2,917504,-1.0709221228957175,0.0
E,0.1,2,933888,-1.0066957706212998,0.0
E,0.1,2,950272,-1.0066957706212998,0.0
E,0.1,2,966656,-1.0066957706212998,0.0
E,0.1,2,983040,-1.0066957706212998,0.0
E,0.1,2,999424,-1.0063190746307373,0.0
E,0.1,2,1015808,-1.00598558396101,0.0
E,0.1,2,1032192,-1.0084921255707742,0.0
E,0.1,2,1048576,-1.0082691398262977,0.0
E,0.1,2,1064960,-1.0082691398262977,0.0
E,0.1,2,1081344,-0.9671575406193733,0.0
E,0.1,2,1097728,-0.9671575406193733,0.0
E,0.1,2,1114112,-0.9671575406193733,0.0
E,0.1,2,1130496,-0.9671575406193733,0.0
E,0.1,2,1146880,-0.9699673700332642,0.0
E,0.1,2,1163264,-0.9699673700332642,0.0
E,0.1,2,1179648,-0.9690519177913666,0.0
E,0.1,2,1196032,-0.9722417503595352,0.0
E,0.1,2,1212416,-0.9721703585982323,0.0
E,0.1,2,1228800,-0.9205070906877517,0.0
E,0.1,2,1245184,-0.9205070906877517,0.0
E,0.1,2,1261568,-0.9205070906877517,0.0
E,0.1,2,1277952,-0.9205070906877517,0.0
E,0.1,2,1294336,-0.9199211585521698,0.0
E,0.1,2,1310720,-0.9198183208703995,0.0
E,0.1,2,1327104,-0.9193629994988441,0.0
E,0.1,2,1343488,-0.9186865094304085,0.0
E,0.1,2,1359872,-0.9184574753046035,0.0
E,0.1,2,1376256,-0.9183545383810997,0.0
E,0.1,2,1392640,-0.8814274379611016,0.0
E,0.1,2,1409024,-0.8814274379611016,0.0
E,0.1,2,1425408,-0.8814274379611016,0.0
E,0.1,2,1441792,-0.8832101818919181,0.0
E,0.1,2,1458176,-0.8829243057966232,0.0
E,0.1,2,1474560,-0.8825867995619774,0.0
E,0.1,2,1490944,-0.8895657709240914,0.0
E,0.1,2,1507328,-0.8933400824666023,0.0
E,0.1,2,1523712,-0.8933400824666023,0.0
E,0.1,2,1540096,-0.8409337237477302,0.0
E,0.1,2,1556480,-0.8409337237477302,0.0
E,0.1,2,1572864,-0.8409337237477302,0.0
E,0.1,2,1589248,-0.8409840503334999,0.0
E,0.1,2,1605632,-0.8409655630588532,0.0
E,0.1,2,1622016,-0.8409655630588532,0.0
E,0.1,2,1638400,-0.8408250120282174,0.0
E,0.1,2,1654784,-0.8502315074205399,0.0
E,0.1,2,1671168,-0.8503486084938049,0.0
E,0.1,2,1687552,-0.8500897014141082,0.0
E,0.1,2,1703936,-0.8103994080424308,0.0
E,0.1,2,1720320,-0.8103994080424308,0.0
E,0.1,2,1736704,-0.8103994080424308,0.0
E,0.1,2,1753088,-0.8101257488131524,0.0
E,0.1,2,1769472,-0.809910529255867,0.0
E,0.1,2,1785856,-0.8100288432836532,0.0
E,0.1,2,1802240,-0.808175935447216,0.0
E,0.1,2,1818624,-0.8076381149888039,0.0
E,0.1,2,1835008,-0.8074552017450333,0.0
E,0.1,2,1851392,-0.7745183923840523,0.0
E,0.1,2,1867776,-0.7745183923840523,0.0
E,0.1,2,1884160,-0.7745183923840523,0.0
E,0.1,2,1900544,-0.7745751705765724,0.0
E,0.1,2,1916928,-0.7776652878522873,0.0
E,0.1,2,1933312,-0.7776633828878403,0.0
E,0.1,2,1949696,-0.7804875448346138,0.0
E,0.1,2,1966080,-0.7839974609017372,0.0
E,0.1,2,1982464,-0.7839974609017372,0.0
E,0.1,2,1998848,-0.7425051590800286,0.0
E,0.1,3,114688,-1.8909742832183838,0.0
E,0.1,3,131072,-1.8909742832183838,0.0
E,0.1,3,147456,-1.8909742832183838,0.0
E,0.1,3,163840,-1.3064577519893645,0.0
E,0.1,3,180224,-1.3064577519893645,0.0
E,0.1,3,196608,-1.3064577519893645,0.0
E,0.1,3,212992,-1.3064577519893645,0.0
E,0.1,3,229376,-1.306915682554245,0.0
E,0.1,3,245760,-1.306915682554245,0.0
E,0.1,3,262144,-1.3096835869550705,0.0
E,0.1,3,278528,-1.3124521124362944,0.0
E,0.1,3,294912,-1.3202664875984191,0.0
E,0.1,3,311296,-1.2417027324438095,0.0
E,0.1,3,327680,-1.2417027324438095,0.0
E,0.1,3,344064,-1.2417027324438095,0.0
E,0.1,3,360448,-1.2417027324438095,0.0
E,0.1,3,376832,-1.2419182658195496,0.0
E,0.1,3,393216,-1.2432489025592803,0.0
E,0.1,3,409600,-1.2432489025592803,0.0
E,0.1,3,425984,-1.2497702378034592,0.0
E,0.1,3,442368,-1.248979840874672,0.0
E,0.1,3,458752,-1.248537664413452,0.0
E,0.1,3,475136,-1.1786170607805253,0.0
E,0.1,3,491520,-1.1786170607805253,0.0
E,0.1,3,507904,-1.1786170607805253,0.0
E,0.1,3,524288,-1.1788152331113815,0.0
E,0.1,3,540672,-1.1785346508026122,0.0
E,0.1,3,557056,-1.1785346508026122,0.0
E,0.1,3,573440,-1.1780731958150863,0.0
E,0.1,3,589824,-1.1842364025115968,0.0
E,0.1,3,606208,-1.1925220531225205,0.0
E,0.1,3,622592,-1.123758602142334,0.0
E,0.1,3,638976,-1.123758602142334,0.0
E,0.1,3,655360,-1.123758602142334,0.0
E,0.1,3,671744,-1.123758602142334,0.0
E,0.1,3,688128,-1.1233082437515258,0.0
E,0.1,3,704512,-1.1233082437515258,0.0
E,0.1,3,720896,-1.1233082437515258,0.0
E,0.1,3,737280,-1.1254170429706574,0.0
E,0.1,3,753664,-1.1248311591148377,0.0
E,0.1,3,770048,-1.0741068053245544,0.0
E,0.1,3,786432,-1.0741068053245544,0.0
E,0.1,3,802816,-1.0741068053245544,0.0
E,0.1,3,819200,-1.0741068053245544,0.0
E,0.1,3,835584,-1.073917303085327,0.0
E,0.1,3,851968,-1.0736980986595155,0.0
E,0.1,3,868352,-1.0736980986595155,0.0
E,0.1,3,884736,-1.072244356274605,0.0
E,0.1,3,901120,-1.0708979725837708,0.0
E,0.1,3,917504,-1.0706396466493606,0.0
E,0.1,3,933888,-1.004992127120495,0.005
E,0.1,3,950272,-1.004992127120495,0.005
E,0.1,3,966656,-1.004992127120495,0.005
E,0.1,3,983040,-1.0051080271601678,0.005
E,0.1,3,999424,-1.0048686015605925,0.005
E,0.1,3,1015808,-1.0048686015605925,0.005
E,0.1,3,1032192,-1.0052612975239754,0.005
E,0.1,3,1048576,-1.0111233934760093,0.005
E,0.1,3,1064960,-1.01054112136364,0.005
E,0.1,3,1081344,-0.9670095086097718,0.0
E,0.1,3,1097728,-0.9670095086097718,0.0
E,0.1,3,1114112,-0.9670095086097718,0.0
E,0.1,3,1130496,-0.9670095086097718,0.0
E,0.1,3,1146880,-0.9672787946462631,0.0
E,0.1,3,1163264,-0.9670500412583352,0.0
E,0.1,3,1179648,-0.9704119366407394,0.0
E,0.1,3,1196032,-0.9673915979266167,0.0
E,0.1,3,1212416,-0.9662973907589912,0.0
E,0.1,3,1228800,-0.9224351024627686,0.0
E,0.1,3,1245184,-0.9224351024627686,0.0
E,0.1,3,1261568,-0.9224351024627686,0.0
E,0.1,3,1277952,-0.9224351024627686,0.0
E,0.1,3,1294336,-0.9219079113006592,0.0
E,0.1,3,1310720,-0.9215128022432327,0.0
E,0.1,3,1327104,-0.9215128022432327,0.0
E,0.1,3,1343488,-0.9241910162568092,0.0
E,0.1,3,1359872,-0.924272574186325,0.0
E,0.1,3,1376256,-0.923329244852066,0.0
E,0.1,3,1392640,-0.878605652153492,0.0
E,0.1,3,1409024,-0.878605652153492,0.0
E,0.1,3,1425408,-0.878605652153492,0.0
E,0.1,3,1441792,-0.878605652153492,0.0
E,0.1,3,1458176,-0.8777601569890976,0.0
E,0.1,3,1474560,-0.8777601569890976,0.0
E,0.1,3,1490944,-0.8806299299001694,0.0
E,0.1,3,1507328,-0.8793812236189842,0.0
E,0.1,3,1523712,-0.8877606943249703,0.0
E,0.1,3,1540096,-0.8417687693238258,0.0
E,0.1,3,1556480,-0.8417687693238258,0.0
E,0.1,3,1572864,-0.8417687693238258,0.0
E,0.1,3,1589248,-0.8417687693238258,0.0
E,0.1,3,1605632,-0.8419253453612328,0.0
E,0.1,3,1622016,-0.8416785943508148,0.0
E,0.1,3,1638400,-0.8416785943508148,0.0
E,0.1,3,1654784,-0.8401704043149948,0.0
E,0.1,3,1671168,-0.8395367407798767,0.0
E,0.1,3,1687552,-0.8393449005484581,0.0
E,0.1,3,1703936,-0.8068932762742043,0.0
E,0.1,3,1720320,-0.8068932762742043,0.0
E,0.1,3,1736704,-0.8068932762742043,0.0
E,0.1,3,1753088,-0.8070518353581428,0.0
E,0.1,3,1769472,-0.8070536395907402,0.0
E,0.1,3,1785856,-0.8070536395907402,0.0
E,0.1,3,1802240,-0.8061446142196655,0.0
E,0.1,3,1818624,-0.81245530128479,0.0
E,0.1,3,1835008,-0.8113590475916862,0.0
E,0.1,3,1851392,-0.7701109564304351,0.0
E,0.1,3,1867776,-0.7701109564304351,0.0
E,0.1,3,1884160,-0.7701109564304351,0.0
E,0.1,3,1900544,-0.7701109564304351,0.0
E,0.1,3,1916928,-0.7701192757487297,0.0
E,0.1,3,1933312,-0.7701192757487297,0.0
E,0.1,3,1949696,-0.7694521898031235,0.0
E,0.1,3,1966080,-0.7678655263781548,0.0
E,0.1,3,1982464,-0.7673242658376693,0.0
E,0.1,3,1998848,-0.7360726374387742,0.0
E,0.1,4,163840,-1.3108758050203324,0.0
E,0.1,4,180224,-1.3108758050203324,0.0
E,0.1,4,196608,-1.3108758050203324,0.0
E,0.1,4,212992,-1.3108758050203324,0.0
E,0.1,4,229376,-1.3108758050203324,0.0
E,0.1,4,245760,-1.3108758050203324,0.0
E,0.1,4,262144,-1.3138539922237396,0.0
E,0.1,4,278528,-1.3138539922237396,0.0
E,0.1,4,294912,-1.3138539922237396,0.0
E,0.1,4,311296,-1.2418743771314622,0.0
E,0.1,4,327680,-1.2418743771314622,0.0
E,0.1,4,344064,-1.2418743771314622,0.0
E,0.1,4,360448,-1.2418743771314622,0.0
E,0.1,4,376832,-1.2418743771314622,0.0
E,0.1,4,393216,-1.2418743771314622,0.0
E,0.1,4,409600,-1.2418743771314622,0.0
E,0.1,4,425984,-1.2414471697807312,0.0
E,0.1,4,442368,-1.2414471697807312,0.0
E,0.1,4,458752,-1.2414471697807312,0.0
E,0.1,4,475136,-1.1754352414608003,0.0
E,0.1,4,491520,-1.1754352414608003,0.0
E,0.1,4,507904,-1.1754352414608003,0.0
E,0.1,4,524288,-1.1754352414608003,0.0
E,0.1,4,540672,-1.1754352414608003,0.0
E,0.1,4,557056,-1.1754352414608003,0.0
E,0.1,4,573440,-1.175533065199852,0.0
E,0.1,4,589824,-1.175533065199852,0.0
E,0.1,4,606208,-1.175533065199852,0.0
E,0.1,4,622592,-1.1133912995457649,0.0
E,0.1,4,638976,-1.1133912995457649,0.0
E,0.1,4,655360,-1.1133912995457649,0.0
E,0.1,4,671744,-1.1133912995457649,0.0
E,0.1,4,688128,-1.1133912995457649,0.0
E,0.1,4,704512,-1.1133912995457649,0.0
E,0.1,4,720896,-1.113065772354603,0.0
E,0.1,4,737280,-1.115995080769062,0.0
E,0.1,4,753664,-1.115995080769062,0.0
E,0.1,4,770048,-1.0607012712955475,0.0
E,0.1,4,786432,-1.0607012712955475,0.0
E,0.1,4,802816,-1.0607012712955475,0.0
E,0.1,4,819200,-1.0607012712955475,0.0
E,0.1,4,835584,-1.0607012712955475,0.0
E,0.1,4,851968,-1.0607012712955475,0.0
E,0.1,4,868352,-1.0607012712955475,0.0
E,0.1,4,884736,-1.060345517396927,0.0
E,0.1,4,901120,-1.060345517396927,0.0
E,0.1,4,917504,-1.060345517396927,0.0
E,0.1,4,933888,-1.0090195775032043,0.0
E,0.1,4,950272,-1.0090195775032043,0.0
E,0.1,4,966656,-1.0090195775032043,0.0
E,0.1,4,983040,-1.0090195775032043,0.0
E,0.1,4,999424,-1.011098371744156,0.0
E,0.1,4,1015808,-1.011098371744156,0.0
E,0.1,4,1032192,-1.0141902366280555,0.0
E,0.1,4,1048576,-1.0175402596592904,0.0
E,0.1,4,1064960,-1.02232627004385,0.0
E,0.1,4,1081344,-0.9653407925367355,0.0
E,0.1,4,1097728,-0.9653407925367355,0.0
E,0.1,4,1114112,-0.9653407925367355,0.0
E,0.1,4,1130496,-0.9653407925367355,0.0
E,0.1,4,1146880,-0.9656390437483787,0.0
E,0.1,4,1163264,-0.9656390437483787,0.0
E,0.1,4,1179648,-0.9653569346666336,0.0
E,0.1,4,1196032,-0.9649690636992454,0.0
E,0.1,4,1212416,-0.9649690636992454,0.0
E,0.1,4,1228800,-0.9245006853342056,0.0
E,0.1,4,1245184,-0.9245006853342056,0.0
E,0.1,4,1261568,-0.9245006853342056,0.0
E,0.1,4,1277952,-0.9245006853342056,0.0
E,0.1,4,1294336,-0.9245006853342056,0.0
E,0.1,4,1310720,-0.924139048755169,0.0
E,0.1,4,1327104,-0.924139048755169,0.0
E,0.1,4,1343488,-0.9241922450065613,0.0
E,0.1,4,1359872,-0.9242124900221824,0.0
E,0.1,4,1376256,-0.9238300263881684,0.0
E,0.1,4,1392640,-0.8779720869660378,0.0
E,0.1,4,1409024,-0.8779720869660378,0.0
E,0.1,4,1425408,-0.8779720869660378,0.0
E,0.1,4,1441792,-0.8779720869660378,0.0
E,0.1,4,1458176,-0.8780033087730408,0.0
E,0.1,4,1474560,-0.8780033087730408,0.0
E,0.1,4,1490944,-0.8817353108525277,0.0
E,0.1,4,1507328,-0.8817353108525277,0.0
E,0.1,4,1523712,-0.8817353108525277,0.0
E,0.1,4,1540096,-0.8381774923205376,0.0
E,0.1,4,1556480,-0.8381774923205376,0.0
E,0.1,4,1572864,-0.8381774923205376,0.0
E,0.1,4,1589248,-0.8381774923205376,0.0
E,0.1,4,1605632,-0.8381774923205376,0.0
E,0.1,4,1622016,-0.8382448509335518,0.0
E,0.1,4,1638400,-0.8381082332134246,0.0
E,0.1,4,1654784,-0.8414509209990502,0.0
E,0.1,4,1671168,-0.8414509209990502,0.0
E,0.1,4,1687552,-0.8413419044017791,0.0
E,0.1,4,1703936,-0.7998418533802032,0.0
E,0.1,4,1720320,-0.7998418533802032,0.0
E,0.1,4,1736704,-0.7998418533802032,0.0
E,0.1,4,1753088,-0.7998418533802032,0.0
E,0.1,4,1769472,-0.7995556762814522,0.0
E,0.1,4,1785856,-0.7995556762814522,0.0
E,0.1,4,1802240,-0.7990873980522156,0.0
E,0.1,4,1818624,-0.7990873980522156,0.0
E,0.1,4,1835008,-0.7987510254979133,0.0
E,0.1,4,1851392,-0.7681101390719414,0.0
E,0.1,4,1867776,-0.7681101390719414,0.0
E,0.1,4,1884160,-0.7681101390719414,0.0
E,0.1,4,1900544,-0.7681101390719414,0.0
E,0.1,4,1916928,-0.7679781684279442,0.0
E,0.1,4,1933312,-0.7679781684279442,0.0
E,0.1,4,1949696,-0.7710621729493141,0.0
E,0.1,4,1966080,-0.7749556908011437,0.0
E,0.1,4,1982464,-0.7749556908011437,0.0
E,0.1,4,1998848,-0.7353758126497268,0.0
E,0.2,0,81920,-1.6197545528411865,0.0
E,0.2,0,98304,-1.6197545528411865,0.0
E,0.2,0,114688,-1.7644010186195374,0.0
E,0.2,0,131072,-1.7644010186195374,0.0
E,0.2,0,147456,-1.7644010186195374,0.0
E,0.2,0,163840,-1.3083760774135589,0.0
E,0.2,0,180224,-1.3083760774135589,0.0
E,0.2,0,196608,-1.3083760774135589,0.0
E,0.2,0,212992,-1.3083760774135589,0.0
E,0.2,0,229376,-1.307803470492363,0.0
E,0.2,0,245760,-1.307803470492363,0.0
E,0.2,0,262144,-1.3074403029680253,0.0
E,0.2,0,278528,-1.3074403029680253,0.0
E,0.2,0,294912,-1.311588716506958,0.0
E,0.2,0,311296,-1.2299605226516723,0.0
E,0.2,0,327680,-1.2299605226516723,0.0
E,0.2,0,344064,-1.2299605226516723,0.0
E,0.2,0,360448,-1.2299605226516723,0.0
E,0.2,0,376832,-1.2309319508075713,0.0
E,0.2,0,393216,-1.231159483194351,0.0
E,0.2,0,409600,-1.231159483194351,0.0
E,0.2,0,425984,-1.2305792516469956,0.0
E,0.2,0,442368,-1.2303483295440674,0.0
E,0.2,0,458752,-1.2303483295440674,0.0
E,0.2,0,475136,-1.1633506935834885,0.0
E,0.2,0,491520,-1.1633506935834885,0.0
E,0.2,0,507904,-1.1633506935834885,0.0
E,0.2,0,524288,-1.1633506935834885,0.0
E,0.2,0,540672,-1.16372128367424,0.0
E,0.2,0,557056,-1.16372128367424,0.0
E,0.2,0,573440,-1.1634939455986022,0.0
E,0.2,0,589824,-1.1634939455986022,0.0
E,0.2,0,606208,-1.1632071930170058,0.0
E,0.2,0,622592,-1.1006960770487786,0.0
E,0.2,0,638976,-1.1006960770487786,0.0
E,0.2,0,655360,-1.1006960770487786,0.0
E,0.2,0,671744,-1.1006960770487786,0.0
E,0.2,0,688128,-1.1003784480690957,0.0
E,0.2,0,704512,-1.1003784480690957,0.0
E,0.2,0,720896,-1.1003987953066825,0.0
E,0.2,0,737280,-1.103892175257206,0.0
E,0.2,0,753664,-1.1036215928196906,0.0
E,0.2,0,770048,-1.048656392991543,0.0
E,0.2,0,786432,-1.048656392991543,0.0
E,0.2,0,802816,-1.048656392991543,0.0
E,0.2,0,819200,-1.048656392991543,0.0
E,0.2,0,835584,-1.0488626369833947,0.0
E,0.2,0,851968,-1.0481660532951356,0.0
E,0.2,0,868352,-1.0481660532951356,0.0
E,0.2,0,884736,-1.0538984110951424,0.0
E,0.2,0,901120,-1.0536989870667457,0.0
E,0.2,0,917504,-1.0536989870667457,0.0
E,0.2,0,933888,-1.000850953757763,0.0
E,0.2,0,950272,-1.000850953757763,0.0
E,0.2,0,966656,-1.000850953757763,0.0
E,0.2,0,983040,-1.000850953757763,0.0
E,0.2,0,999424,-1.0006150060892105,0.0
E,0.2,0,1015808,-1.0006150060892105,0.0
E,0.2,0,1032192,-1.000462788939476,0.0
E,0.2,0,1048576,-1.000350252389908,0.0
E,0.2,0,1064960,-1.000294394493103,0.0
E,0.2,0,1081344,-0.9465672680735588,0.0
E,0.2,0,1097728,-0.9465672680735588,0.0
E,0.2,0,1114112,-0.9465672680735588,0.0
E,0.2,0,1130496,-0.9465672680735588,0.0
E,0.2,0,1146880,-0.9465058863162994,0.0
E,0.2,0,1163264,-0.9463264507055282,0.0
E,0.2,0,1179648,-0.9464077085256577,0.0
E,0.2,0,1196032,-0.9494458615779877,0.0
E,0.2,0,1212416,-0.9492353457212448,0.0
E,0.2,0,1228800,-0.907103939652443,0.0
E,0.2,0,1245184,-0.907103939652443,0.0
E,0.2,0,1261568,-0.907103939652443,0.0
E,0.2,0,1277952,-0.907103939652443,0.0
E,0.2,0,1294336,-0.9071281903982162,0.0
E,0.2,0,1310720,-0.9092098912596702,0.0
E,0.2,0,1327104,-0.9092098912596702,0.0
E,0.2,0,1343488,-0.9129609802365303,0.0
E,0.2,0,1359872,-0.9124095356464386,0.0
E,0.2,0,1376256,-0.9125554999709129,0.0
E,0.2,0,1392640,-0.8662374809384346,0.0
E,0.2,0,1409024,-0.8662374809384346,0.0
E,0.2,0,1425408,-0.8662374809384346,0.0
E,0.2,0,1441792,-0.8662374809384346,0.0
E,0.2,0,1458176,-0.8655379986763001,0.0
E,0.2,0,1474560,-0.8655379986763001,0.0
E,0.2,0,1490944,-0.865243524312973,0.0
E,0.2,0,1507328,-0.864563540816307,0.0
E,0.2,0,1523712,-0.8643667334318161,0.0
E,0.2,0,1540096,-0.825205030143261,0.0
E,0.2,0,1556480,-0.825205030143261,0.0
E,0.2,0,1572864,-0.825205030143261,0.0
E,0.2,0,1589248,-0.825205030143261,0.0
E,0.2,0,1605632,-0.8250317859649658,0.0
E,0.2,0,1622016,-0.8248523136973381,0.0
E,0.2,0,1638400,-0.8248523136973381,0.0
E,0.2,0,1654784,-0.8314366197586059,0.0
E,0.2,0,1671168,-0.8394833448529243,0.0
E,0.2,0,1687552,-0.8442365384101868,0.0
E,0.2,0,1703936,-0.7911772215366364,0.0
E,0.2,0,1720320,-0.7911772215366364,0.0
E,0.2,0,1736704,-0.7940652093291283,0.0
E,0.2,0,1753088,-0.7940652093291283,0.0
E,0.2,0,1769472,-0.7936827459931374,0.0
E,0.2,0,1785856,-0.7936827459931374,0.0
E,0.2,0,1802240,-0.7925180888175964,0.0
E,0.2,0,1818624,-0.7920114535093308,0.0
E,0.2,0,1835008,-0.7959301316738129,0.0
E,0.2,0,1851392,-0.764997493326664,0.0
E,0.2,0,1867776,-0.764997493326664,0.0
E,0.2,0,1884160,-0.7650021904706955,0.0
E,0.2,0,1900544,-0.7650021904706955,0.0
E,0.2,0,1916928,-0.7651326477527618,0.0
E,0.2,0,1933312,-0.7649896129965782,0.0
E,0.2,0,1949696,-0.7645234364271164,0.0
E,0.2,0,1966080,-0.7633088666200638,0.0
E,0.2,0,1982464,-0.7622173982858658,0.0
E,0.2,0,1998848,-0.7306643232703209,0.0
E,0.2,1,65536,-1.5338668823242188,0.0
E,0.2,1,81920,-1.567688783009847,0.0
E,0.2,1,98304,-1.567688783009847,0.0
E,0.2,1,114688,-1.7167206287384034,0.0
E,0.2,1,131072,-1.7167206287384034,0.0
E,0.2,1,147456,-1.7167206287384034,0.0
E,0.2,1,163840,-1.311192256808281,0.0
E,0.2,1,180224,-1.311192256808281,0.0
E,0.2,1,196608,-1.311192256808281,0.0
E,0.2,1,212992,-1.311192256808281,0.0
E,0.2,1,229376,-1.3117967879772185,0.0
E,0.2,1,245760,-1.3114291280508041,0.0
E,0.2,1,262144,-1.3109853273630143,0.0
E,0.2,1,278528,-1.3109853273630143,0.0
E,0.2,1,294912,-1.3109853273630143,0.0
E,0.2,1,311296,-1.2362283807992935,0.0
E,0.2,1,327680,-1.2362283807992935,0.0
E,0.2,1,344064,-1.2362283807992935,0.0
E,0.2,1,360448,-1.2362283807992935,0.0
E,0.2,1,376832,-1.2362497353553772,0.0
E,0.2,1,393216,-1.2362031322717666,0.0
E,0.2,1,409600,-1.2362031322717666,0.0
E,0.2,1,425984,-1.2354543393850326,0.0
E,0.2,1,442368,-1.2354543393850326,0.0
E,0.2,1,458752,-1.2345035195350647,0.0
E,0.2,1,475136,-1.1697218281030655,0.0
E,0.2,1,491520,-1.1697218281030655,0.0
E,0.2,1,507904,-1.1697218281030655,0.0
E,0.2,1,524288,-1.1699306279420854,0.0
E,0.2,1,540672,-1.1700688910484314,0.0
E,0.2,1,557056,-1.1700688910484314,0.0
E,0.2,1,573440,-1.170294410586357,0.0
E,0.2,1,589824,-1.170294410586357,0.0
E,0.2,1,606208,-1.170294410586357,0.0
E,0.2,1,622592,-1.1074418899416925,0.0
E,0.2,1,638976,-1.1074418899416925,0.0
E,0.2,1,655360,-1.1074418899416925,0.0
E,0.2,1,671744,-1.1074418899416925,0.0
E,0.2,1,688128,-1.1076138827204705,0.0
E,0.2,1,704512,-1.1074856296181679,0.0
E,0.2,1,720896,-1.1073582890629767,0.0
E,0.2,1,737280,-1.107318494617939,0.0
E,0.2,1,753664,-1.107318494617939,0.0
E,0.2,1,770048,-1.0455292272567749,0.0
E,0.2,1,786432,-1.0455292272567749,0.0
E,0.2,1,802816,-1.0455292272567749,0.0
E,0.2,1,819200,-1.0455292272567749,0.0
E,0.2,1,835584,-1.0456783923506736,0.0
E,0.2,1,851968,-1.0455998304486274,0.0
E,0.2,1,868352,-1.0455998304486274,0.0
E,0.2,1,884736,-1.0488796097040176,0.0
E,0.2,1,901120,-1.052975942492485,0.0
E,0.2,1,917504,-1.052452753186226,0.0
E,0.2,1,933888,-0.9948879966139793,0.0
E,0.2,1,950272,-0.9948879966139793,0.0
E,0.2,1,966656,-0.9948879966139793,0.0
E,0.2,1,983040,-0.9948401385545731,0.0
E,0.2,1,999424,-0.9949073004722595,0.0
E,0.2,1,1015808,-0.9975237739086151,0.0
E,0.2,1,1032192,-0.9976461306214333,0.0
E,0.2,1,1048576,-0.9975246772170067,0.0
E,0.2,1,1064960,-0.9972968548536301,0.0
E,0.2,1,1081344,-0.9529685986042022,0.0
E,0.2,1,1097728,-0.9529685986042022,0.0
E,0.2,1,1114112,-0.9529685986042022,0.0
E,0.2,1,1130496,-0.9529685986042022,0.0
E,0.2,1,1146880,-0.9523497518897056,0.0
E,0.2,1,1163264,-0.9520214185118675,0.0
E,0.2,1,1179648,-0.9520214185118675,0.0
E,0.2,1,1196032,-0.9518906587362289,0.0
E,0.2,1,1212416,-0.9519705727696419,0.0
E,0.2,1,1228800,-0.9076926851272583,0.0
E,0.2,1,1245184,-0.9076926851272583,0.0
E,0.2,1,1261568,-0.9076926851272583,0.0
E,0.2,1,1277952,-0.9076926851272583,0.0
E,0.2,1,1294336,-0.907620350420475,0.0
E,0.2,1,1310720,-0.9072721111774444,0.0
E,0.2,1,1327104,-0.9072721111774444,0.0
E,0.2,1,1343488,-0.9113576537370682,0.0
E,0.2,1,1359872,-0.911256412267685,0.0
E,0.2,1,1376256,-0.9156703338027,0.0
E,0.2,1,1392640,-0.8651036855578422,0.0
E,0.2,1,1409024,-0.8651036855578422,0.0
E,0.2,1,1425408,-0.8651036855578422,0.0
E,0.2,1,1441792,-0.8651036855578422,0.0
E,0.2,1,1458176,-0.865037986934185,0.0
E,0.2,1,1474560,-0.8649547582864762,0.0
E,0.2,1,1490944,-0.8646179926395416,0.0
E,0.2,1,1507328,-0.8724657019972801,0.0
E,0.2,1,1523712,-0.872180689573288,0.0
E,0.2,1,1540096,-0.8288870775699615,0.0
E,0.2,1,1556480,-0.8288870775699615,0.0
E,0.2,1,1572864,-0.8288870775699615,0.0
E,0.2,1,1589248,-0.8288870775699615,0.0
E,0.2,1,1605632,-0.8289909213781357,0.0
E,0.2,1,1622016,-0.8285392060875892,0.0
E,0.2,1,1638400,-0.8285392060875892,0.0
E,0.2,1,1654784,-0.8348621919751167,0.0
E,0.2,1,1671168,-0.834414047896862,0.0
E,0.2,1,1687552,-0.8387608751654625,0.0
E,0.2,1,1703936,-0.7928766936063767,0.0
E,0.2,1,1720320,-0.7928766936063767,0.0
E,0.2,1,1736704,-0.7928766936063767,0.0
E,0.2,1,1753088,-0.7927042764425277,0.0
E,0.2,1,1769472,-0.7929265394806861,0.0
E,0.2,1,1785856,-0.7929265394806861,0.0
E,0.2,1,1802240,-0.7929658117890358,0.0
E,0.2,1,1818624,-0.7924433290958405,0.0
E,0.2,1,1835008,-0.7914024579524994,0.0
E,0.2,1,1851392,-0.7620512869954109,0.0
E,0.2,1,1867776,-0.7620512869954109,0.0
E,0.2,1,1884160,-0.7620512869954109,0.0
E,0.2,1,1900544,-0.7620512869954109,0.0
E,0.2,1,1916928,-0.761889805495739,0.0
E,0.2,1,1933312,-0.7684997898340226,0.0
E,0.2,1,1949696,-0.7682392880320549,0.0
E,0.2,1,1966080,-0.7677762117981911,0.0
E,0.2,1,1982464,-0.7675600922107697,0.0
E,0.2,1,1998848,-0.7275420394539833,0.0
E,0.2,2,163840,-1.3150215637683869,0.0
E,0.2,2,180224,-1.3150215637683869,0.0
E,0.2,2,196608,-1.3150215637683869,0.0
E,0.2,2,212992,-1.3150215637683869,0.0
E,0.2,2,229376,-1.3150215637683869,0.0
E,0.2,2,245760,-1.3150215637683869,0.0
E,0.2,2,262144,-1.3173016482591628,0.0
E,0.2,2,278528,-1.3173016482591628,0.0
E,0.2,2,294912,-1.3173016482591628,0.0
E,0.2,2,311296,-1.2400772112607956,0.0
E,0.2,2,327680,-1.2400772112607956,0.0
E,0.2,2,344064,-1.2400772112607956,0.0
E,0.2,2,360448,-1.2400772112607956,0.0
E,0.2,2,376832,-1.2400772112607956,0.0
E,0.2,2,393216,-1.2400772112607956,0.0
E,0.2,2,409600,-1.239741045832634,0.0
E,0.2,2,425984,-1.239741045832634,0.0
E,0.2,2,442368,-1.239741045832634,0.0
E,0.2,2,458752,-1.239741045832634,0.0
E,0.2,2,475136,-1.1677030396461487,0.0
E,0.2,2,491520,-1.1677030396461487,0.0
E,0.2,2,507904,-1.1677030396461487,0.0
E,0.2,2,524288,-1.1677030396461487,0.0
E,0.2,2,540672,-1.1677030396461487,0.0
E,0.2,2,557056,-1.1677030396461487,0.0
E,0.2,2,573440,-1.1672923696041106,0.0
E,0.2,2,589824,-1.1672923696041106,0.0
E,0.2,2,606208,-1.1672923696041106,0.0
E,0.2,2,622592,-1.1085666051506997,0.0
E,0.2,2,638976,-1.1085666051506997,0.0
E,0.2,2,655360,-1.1085666051506997,0.0
E,0.2,2,671744,-1.1085666051506997,0.0
E,0.2,2,688128,-1.1085666051506997,0.0
E,0.2,2,704512,-1.1085666051506997,0.0
E,0.2,2,720896,-1.1081303629279136,0.0
E,0.2,2,737280,-1.1081303629279136,0.0
E,0.2,2,753664,-1.1081303629279136,0.0
E,0.2,2,770048,-1.0545923858880997,0.0
E,0.2,2,786432,-1.0545923858880997,0.0
E,0.2,2,802816,-1.0545923858880997,0.0
E,0.2,2,819200,-1.0545923858880997,0.0
E,0.2,2,835584,-1.0545923858880997,0.0
E,0.2,2,851968,-1.0545923858880997,0.0
E,0.2,2,868352,-1.0542096808552741,0.0
E,0.2,2,884736,-1.0542096808552741,0.0
E,0.2,2,901120,-1.0542096808552741,0.0
E,0.2,2,917504,-1.053878031373024,0.0
E,0.2,2,933888,-0.9986016330122948,0.0
E,0.2,2,950272,-0.9986016330122948,0.0
E,0.2,2,966656,-0.9986016330122948,0.0
E,0.2,2,983040,-0.9986016330122948,0.0
E,0.2,2,999424,-0.9986016330122948,0.0
E,0.2,2,1015808,-0.9986016330122948,0.0
E,0.2,2,1032192,-1.0020098733901976,0.0
E,0.2,2,1048576,-1.0020098733901976,0.0
E,0.2,2,1064960,-1.0020098733901976,0.0
E,0.2,2,1081344,-0.9493526458740235,0.0
E,0.2,2,1097728,-0.9493526458740235,0.0
E,0.2,2,1114112,-0.9493526458740235,0.0
E,0.2,2,1130496,-0.9493526458740235,0.0
E,0.2,2,1146880,-0.9493526458740235,0.0
E,0.2,2,1163264,-0.9493526458740235,0.0
E,0.2,2,1179648,-0.9489011830091476,0.0
E,0.2,2,1196032,-0.9490068539977073,0.0
E,0.2,2,1212416,-0.9490068539977073,0.0
E,0.2,2,1228800,-0.9045769262313843,0.0
E,0.2,2,1245184,-0.9045769262313843,0.0
E,0.2,2,1261568,-0.9045769262313843,0.0
E,0.2,2,1277952,-0.9045769262313843,0.0
E,0.2,2,1294336,-0.9045769262313843,0.0
E,0.2,2,1310720,-0.9045769262313843,0.0
E,0.2,2,1327104,-0.9043144276738166,0.0
E,0.2,2,1343488,-0.9039609417319298,0.0
E,0.2,2,1359872,-0.9039609417319298,0.0
E,0.2,2,1376256,-0.9034422558546066,0.0
E,0.2,2,1392640,-0.8621705687046051,0.0
E,0.2,2,1409024,-0.8621705687046051,0.0
E,0.2,2,1425408,-0.8621705687046051,0.0
E,0.2,2,1441792,-0.8621705687046051,0.0
E,0.2,2,1458176,-0.8621705687046051,0.0
E,0.2,2,1474560,-0.8621705687046051,0.0
E,0.2,2,1490944,-0.8620050698518753,0.0
E,0.2,2,1507328,-0.8619914883375168,0.0
E,0.2,2,1523712,-0.866242205798626,0.0
E,0.2,2,1540096,-0.8220507863163948,0.0
E,0.2,2,1556480,-0.8220507863163948,0.0
E,0.2,2,1572864,-0.8220507863163948,0.0
E,0.2,2,1589248,-0.8220507863163948,0.0
E,0.2,2,1605632,-0.8220507863163948,0.0
E,0.2,2,1622016,-0.8220507863163948,0.0
E,0.2,2,1638400,-0.821835378408432,0.0
E,0.2,2,1654784,-0.8216299298405647,0.0
E,0.2,2,1671168,-0.8215297463536263,0.0
E,0.2,2,1687552,-0.8217236772179604,0.0
E,0.2,2,1703936,-0.7878980037569999,0.0
E,0.2,2,1720320,-0.7878980037569999,0.0
E,0.2,2,1736704,-0.7878980037569999,0.0
E,0.2,2,1753088,-0.7878980037569999,0.0
E,0.2,2,1769472,-0.7878980037569999,0.0
E,0.2,2,1785856,-0.7878980037569999,0.0
E,0.2,2,1802240,-0.7874746641516686,0.0
E,0.2,2,1818624,-0.7914942690730095,0.0
E,0.2,2,1835008,-0.7909723043441772,0.0
E,0.2,2,1851392,-0.753328008055687,0.0
E,0.2,2,1867776,-0.753328008055687,0.0
E,0.2,2,1884160,-0.753328008055687,0.0
E,0.2,2,1900544,-0.753328008055687,0.0
E,0.2,2,1916928,-0.753328008055687,0.0
E,0.2,2,1933312,-0.753328008055687,0.0
E,0.2,2,1949696,-0.7532913744449615,0.0
E,0.2,2,1966080,-0.7532424303889275,0.0
E,0.2,2,1982464,-0.753014335334301,0.0
E,0.2,2,1998848,-0.7230972868204116,0.0
E,0.2,3,131072,-2.037659168243408,0.0
E,0.2,3,147456,-2.037659168243408,0.0
E,0.2,3,163840,-1.3063046789169313,0.0
E,0.2,3,180224,-1.3063046789169313,0.0
E,0.2,3,196608,-1.3063046789169313,0.0
E,0.2,3,212992,-1.3063046789169313,0.0
E,0.2,3,229376,-1.3084570682048797,0.0
E,0.2,3,245760,-1.3084570682048797,0.0
E,0.2,3,262144,-1.3084570682048797,0.0
E,0.2,3,278528,-1.3084022909402848,0.0
E,0.2,3,294912,-1.3084022909402848,0.0
E,0.2,3,311296,-1.2417666119337083,0.0
E,0.2,3,327680,-1.2417666119337083,0.0
E,0.2,3,344064,-1.2417666119337083,0.0
E,0.2,3,360448,-1.2417666119337083,0.0
E,0.2,3,376832,-1.2417666119337083,0.0
E,0.2,3,393216,-1.241651400923729,0.0
E,0.2,3,409600,-1.241651400923729,0.0
E,0.2,3,425984,-1.241651400923729,0.0
E,0.2,3,442368,-1.240914960503578,0.0
E,0.2,3,458752,-1.2455906987190246,0.0
E,0.2,3,475136,-1.1679838013648987,0.0
E,0.2,3,491520,-1.1679838013648987,0.0
E,0.2,3,507904,-1.1679838013648987,0.0
E,0.2,3,524288,-1.1679838013648987,0.0
E,0.2,3,540672,-1.1674280774593353,0.0
E,0.2,3,557056,-1.1674280774593353,0.0
E,0.2,3,573440,-1.1674280774593353,0.0
E,0.2,3,589824,-1.167295686006546,0.0
E,0.2,3,606208,-1.167093676328659,0.0
E,0.2,3,622592,-1.1129767721891404,0.0
E,0.2,3,638976,-1.1129767721891404,0.0
E,0.2,3,655360,-1.1129767721891404,0.0
E,0.2,3,671744,-1.1129767721891404,0.0
E,0.2,3,688128,-1.1125312900543214,0.0
E,0.2,3,704512,-1.1125312900543214,0.0
E,0.2,3,720896,-1.1125312900543214,0.0
E,0.2,3,737280,-1.1124748575687409,0.0
E,0.2,3,753664,-1.1163477003574371,0.0
E,0.2,3,770048,-1.0602765730023385,0.0
E,0.2,3,786432,-1.0602765730023385,0.0
E,0.2,3,802816,-1.0602765730023385,0.0
E,0.2,3,819200,-1.0602765730023385,0.0
E,0.2,3,835584,-1.0619328436255455,0.0
E,0.2,3,851968,-1.0644980111718179,0.0
E,0.2,3,868352,-1.0644980111718179,0.0
E,0.2,3,884736,-1.0644980111718179,0.0
E,0.2,3,901120,-1.0678736582398414,0.0
E,0.2,3,917504,-1.0677294573187828,0.0
E,0.2,3,933888,-1.0059988898038865,0.0
E,0.2,3,950272,-1.0059988898038865,0.0
E,0.2,3,966656,-1.0059988898038865,0.0
E,0.2,3,983040,-1.0059988898038865,0.0
E,0.2,3,999424,-1.0057330805063247,0.0
E,0.2,3,1015808,-1.0057699090242387,0.0
E,0.2,3,1032192,-1.0057699090242387,0.0
E,0.2,3,1048576,-1.0089452114701272,0.0
E,0.2,3,1064960,-1.0087934318184852,0.0
E,0.2,3,1081344,-0.9696772363781929,0.0
E,0.2,3,1097728,-0.9696772363781929,0.0
E,0.2,3,1114112,-0.9696772363781929,0.0
E,0.2,3,1130496,-0.9696772363781929,0.0
E,0.2,3,1146880,-0.9687579104304314,0.0
E,0.2,3,1163264,-0.968522822856903,0.0
E,0.2,3,1179648,-0.968522822856903,0.0
E,0.2,3,1196032,-0.9791606706380844,0.0
E,0.2,3,1212416,-0.9783478266000748,0.0
E,0.2,3,1228800,-0.9214703074097633,0.0
E,0.2,3,1245184,-0.9214703074097633,0.0
E,0.2,3,1261568,-0.9214703074097633,0.0
E,0.2,3,1277952,-0.9214703074097633,0.0
E,0.2,3,1294336,-0.9214878478646278,0.0
E,0.2,3,1310720,-0.9213524454832077,0.0
E,0.2,3,1327104,-0.9210401299595833,0.0
E,0.2,3,1343488,-0.9207903274893761,0.0
E,0.2,3,1359872,-0.9207344880700111,0.0
E,0.2,3,1376256,-0.9249054086208344,0.0
E,0.2,3,1392640,-0.8778676906228066,0.0
E,0.2,3,1409024,-0.8778676906228066,0.0
E,0.2,3,1425408,-0.8778676906228066,0.0
E,0.2,3,1441792,-0.8778676906228066,0.0
E,0.2,3,1458176,-0.877078372836113,0.0
E,0.2,3,1474560,-0.8767339786887169,0.0
E,0.2,3,1490944,-0.8799345937371253,0.0
E,0.2,3,1507328,-0.8789231377840042,0.0
E,0.2,3,1523712,-0.8790090724825859,0.0
E,0.2,3,1540096,-0.8421534594893455,0.0
E,0.2,3,1556480,-0.8421534594893455,0.0
E,0.2,3,1572864,-0.8421534594893455,0.0
E,0.2,3,1589248,-0.8421534594893455,0.0
E,0.2,3,1605632,-0.8422589042782783,0.0
E,0.2,3,1622016,-0.8422641822695732,0.0
E,0.2,3,1638400,-0.8420951992273331,0.0
E,0.2,3,1654784,-0.8452836203575135,0.0
E,0.2,3,1671168,-0.8498582494258881,0.0
E,0.2,3,1687552,-0.8496702432632446,0.0
E,0.2,3,1703936,-0.8081084978580475,0.0
E,0.2,3,1720320,-0.8081084978580475,0.0
E,0.2,3,1736704,-0.8081084978580475,0.0
E,0.2,3,1753088,-0.8081084978580475,0.0
E,0.2,3,1769472,-0.8085097542405129,0.0
E,0.2,3,1785856,-0.8083116480708122,0.0
E,0.2,3,1802240,-0.8080302810668946,0.0
E,0.2,3,1818624,-0.8068970409035683,0.0
E,0.2,3,1835008,-0.8066383424401283,0.0
E,0.2,3,1851392,-0.7756867620348931,0.0
E,0.2,3,1867776,-0.7756867620348931,0.0
E,0.2,3,1884160,-0.7756867620348931,0.0
E,0.2,3,1900544,-0.7756867620348931,0.0
E,0.2,3,1916928,-0.7753530499339104,0.0
E,0.2,3,1933312,-0.7750533241033554,0.0
E,0.2,3,1949696,-0.7750638741254806,0.0
E,0.2,3,1966080,-0.7746460703015328,0.0
E,0.2,3,1982464,-0.7742487791180611,0.0
E,0.2,3,1998848,-0.7372120025753975,0.0
E,0.2,4,163840,-1.3108758050203324,0.0
E,0.2,4,180224,-1.3108758050203324,0.0
E,0.2,4,196608,-1.3108758050203324,0.0
E,0.2,4,212992,-1.3108758050203324,0.0
E,0.2,4,229376,-1.3108758050203324,0.0
E,0.2,4,245760,-1.3108758050203324,0.0
E,0.2,4,262144,-1.3108758050203324,0.0
E,0.2,4,278528,-1.3108758050203324,0.0
E,0.2,4,294912,-1.3108758050203324,0.0
E,0.2,4,311296,-1.2404202711582184,0.0
E,0.2,4,327680,-1.2404202711582184,0.0
E,0.2,4,344064,-1.2404202711582184,0.0
E,0.2,4,360448,-1.2404202711582184,0.0
E,0.2,4,376832,-1.2404202711582184,0.0
E,0.2,4,393216,-1.2404202711582184,0.0
E,0.2,4,409600,-1.2404202711582184,0.0
E,0.2,4,425984,-1.2404202711582184,0.0
E,0.2,4,442368,-1.2404202711582184,0.0
E,0.2,4,458752,-1.2404202711582184,0.0
E,0.2,4,475136,-1.1722319543361663,0.0
E,0.2,4,491520,-1.1722319543361663,0.0
E,0.2,4,507904,-1.1722319543361663,0.0
E,0.2,4,524288,-1.1722319543361663,0.0
E,0.2,4,540672,-1.1722319543361663,0.0
E,0.2,4,557056,-1.1722319543361663,0.0
E,0.2,4,573440,-1.1722319543361663,0.0
E,0.2,4,589824,-1.1722319543361663,0.0
E,0.2,4,606208,-1.1722319543361663,0.0
E,0.2,4,622592,-1.1101571586728096,0.0
E,0.2,4,638976,-1.1101571586728096,0.0
E,0.2,4,655360,-1.1101571586728096,0.0
E,0.2,4,671744,-1.1101571586728096,0.0
E,0.2,4,688128,-1.1101571586728096,0.0
E,0.2,4,704512,-1.1101571586728096,0.0
E,0.2,4,720896,-1.1101571586728096,0.0
E,0.2,4,737280,-1.1101571586728096,0.0
E,0.2,4,753664,-1.1101571586728096,0.0
E,0.2,4,770048,-1.0565314900875091,0.0
E,0.2,4,786432,-1.0565314900875091,0.0
E,0.2,4,802816,-1.0565314900875091,0.0
E,0.2,4,819200,-1.0565314900875091,0.0
E,0.2,4,835584,-1.0565314900875091,0.0
E,0.2,4,851968,-1.0565314900875091,0.0
E,0.2,4,868352,-1.0565314900875091,0.0
E,0.2,4,884736,-1.0600448030233383,0.0
E,0.2,4,901120,-1.0600448030233383,0.0
E,0.2,4,917504,-1.0600448030233383,0.0
E,0.2,4,933888,-1.0083371683955193,0.0
E,0.2,4,950272,-1.0083371683955193,0.0
E,0.2,4,966656,-1.0083371683955193,0.0
E,0.2,4,983040,-1.0083371683955193,0.0
E,0.2,4,999424,-1.0083371683955193,0.0
E,0.2,4,1015808,-1.0083371683955193,0.0
E,0.2,4,1032192,-1.0083371683955193,0.0
E,0.2,4,1048576,-1.0079008466005326,0.0
E,0.2,4,1064960,-1.0079008466005326,0.0
E,0.2,4,1081344,-0.9676182758808136,0.0
E,0.2,4,1097728,-0.9676182758808136,0.0
E,0.2,4,1114112,-0.9676182758808136,0.0
E,0.2,4,1130496,-0.9676182758808136,0.0
E,0.2,4,1146880,-0.9676182758808136,0.0
E,0.2,4,1163264,-0.9676182758808136,0.0
E,0.2,4,1179648,-0.9676182758808136,0.0
E,0.2,4,1196032,-0.9669605588912964,0.0
E,0.2,4,1212416,-0.9669605588912964,0.0
E,0.2,4,1228800,-0.9129681846499443,0.0
E,0.2,4,1245184,-0.9129681846499443,0.0
E,0.2,4,1261568,-0.9129681846499443,0.0
E,0.2,4,1277952,-0.9129681846499443,0.0
E,0.2,4,1294336,-0.9129681846499443,0.0
E,0.2,4,1310720,-0.9129681846499443,0.0
E,0.2,4,1327104,-0.9129681846499443,0.0
E,0.2,4,1343488,-0.9129681846499443,0.0
E,0.2,4,1359872,-0.9165975159406662,0.0
E,0.2,4,1376256,-0.9211728200316429,0.0
E,0.2,4,1392640,-0.8691597619652748,0.0
E,0.2,4,1409024,-0.8691597619652748,0.0
E,0.2,4,1425408,-0.8691597619652748,0.0
E,0.2,4,1441792,-0.8691597619652748,0.0
E,0.2,4,1458176,-0.8691597619652748,0.0
E,0.2,4,1474560,-0.8691597619652748,0.0
E,0.2,4,1490944,-0.8691597619652748,0.0
E,0.2,4,1507328,-0.8723050796985626,0.0
E,0.2,4,1523712,-0.8723050796985626,0.0
E,0.2,4,1540096,-0.8344486770033837,0.0
E,0.2,4,1556480,-0.8344486770033837,0.0
E,0.2,4,1572864,-0.8344486770033837,0.0
E,0.2,4,1589248,-0.8344486770033837,0.0
E,0.2,4,1605632,-0.8344486770033837,0.0
E,0.2,4,1622016,-0.8344486770033837,0.0
E,0.2,4,1638400,-0.8344486770033837,0.0
E,0.2,4,1654784,-0.8338293415307999,0.0
E,0.2,4,1671168,-0.8338293415307999,0.0
E,0.2,4,1687552,-0.8338676258921623,0.0
E,0.2,4,1703936,-0.797019418478012,0.0
E,0.2,4,1720320,-0.797019418478012,0.0
E,0.2,4,1736704,-0.797019418478012,0.0
E,0.2,4,1753088,-0.797019418478012,0.0
E,0.2,4,1769472,-0.797019418478012,0.0
E,0.2,4,1785856,-0.797019418478012,0.0
E,0.2,4,1802240,-0.8035048934817314,0.0
E,0.2,4,1818624,-0.8031285560131073,0.0
E,0.2,4,1835008,-0.8033112502098083,0.0
E,0.2,4,1851392,-0.7645929270982742,0.0
E,0.2,4,1867776,-0.7645929270982742,0.0
E,0.2,4,1884160,-0.7645929270982742,0.0
E,0.2,4,1900544,-0.7645929270982742,0.0
E,0.2,4,1916928,-0.7645929270982742,0.0
E,0.2,4,1933312,-0.7645929270982742,0.0
E,0.2,4,1949696,-0.7643511408567428,0.0
E,0.2,4,1966080,-0.7639626237750053,0.0
E,0.2,4,1982464,-0.7639626237750053,0.0
E,0.2,4,1998848,-0.7323493641614914,0.0
E,0.4,0,81920,-1.6197545528411865,0.0
E,0.4,0,98304,-1.6197545528411865,0.0
E,0.4,0,114688,-1.6197545528411865,0.0
E,0.4,0,131072,-1.6197545528411865,0.0
E,0.4,0,147456,-1.6197545528411865,0.0
E,0.4,0,163840,-1.3069340753555299,0.0
E,0.4,0,180224,-1.3069340753555299,0.0
E,0.4,0,196608,-1.3069340753555299,0.0
E,0.4,0,212992,-1.3073342019319534,0.0
E,0.4,0,229376,-1.3069426077604294,0.0
E,0.4,0,245760,-1.3069426077604294,0.0
E,0.4,0,262144,-1.3069426077604294,0.0
E,0.4,0,278528,-1.3069426077604294,0.0
E,0.4,0,294912,-1.3069426077604294,0.0
E,0.4,0,311296,-1.2316991025209427,0.0
E,0.4,0,327680,-1.2316991025209427,0.0
E,0.4,0,344064,-1.2316991025209427,0.0
E,0.4,0,360448,-1.2314837032556534,0.0
E,0.4,0,376832,-1.2314837032556534,0.0
E,0.4,0,393216,-1.2315687340497972,0.0
E,0.4,0,409600,-1.2315687340497972,0.0
E,0.4,0,425984,-1.2315687340497972,0.0
E,0.4,0,442368,-1.2355426716804505,0.0
E,0.4,0,458752,-1.2355426716804505,0.0
E,0.4,0,475136,-1.1579198104143142,0.0
E,0.4,0,491520,-1.1579198104143142,0.0
E,0.4,0,507904,-1.1579198104143142,0.0
E,0.4,0,524288,-1.1580298513174057,0.0
E,0.4,0,540672,-1.1579402208328247,0.0
E,0.4,0,557056,-1.1579402208328247,0.0
E,0.4,0,573440,-1.1579402208328247,0.0
E,0.4,0,589824,-1.1615238970518111,0.0
E,0.4,0,606208,-1.1615238970518111,0.0
E,0.4,0,622592,-1.1052307894825935,0.0
E,0.4,0,638976,-1.1052307894825935,0.0
E,0.4,0,655360,-1.1052307894825935,0.0
E,0.4,0,671744,-1.1046260026097299,0.0
E,0.4,0,688128,-1.1046139165759086,0.0
E,0.4,0,704512,-1.1046139165759086,0.0
E,0.4,0,720896,-1.1046139165759086,0.0
E,0.4,0,737280,-1.104428029358387,0.0
E,0.4,0,753664,-1.1040904614329339,0.0
E,0.4,0,770048,-1.050707081258297,0.0
E,0.4,0,786432,-1.050707081258297,0.0
E,0.4,0,802816,-1.050707081258297,0.0
E,0.4,0,819200,-1.050707081258297,0.0
E,0.4,0,835584,-1.0507847502827645,0.0
E,0.4,0,851968,-1.0501153126358986,0.0
E,0.4,0,868352,-1.0501153126358986,0.0
E,0.4,0,884736,-1.0538667592406272,0.0
E,0.4,0,901120,-1.0537869331240655,0.0
E,0.4,0,917504,-1.053737132549286,0.0
E,0.4,0,933888,-0.9983157041668892,0.0
E,0.4,0,950272,-0.9983157041668892,0.0
E,0.4,0,966656,-0.9983157041668892,0.0
E,0.4,0,983040,-0.9983386862277984,0.0
E,0.4,0,999424,-0.9981007206439972,0.0
E,0.4,0,1015808,-0.9981007206439972,0.0
E,0.4,0,1032192,-1.0046602675318719,0.0
E,0.4,0,1048576,-1.0084843930602074,0.0
E,0.4,0,1064960,-1.0089325228333472,0.0
E,0.4,0,1081344,-0.9469788736104965,0.0
E,0.4,0,1097728,-0.9469788736104965,0.0
E,0.4,0,1114112,-0.9469788736104965,0.0
E,0.4,0,1130496,-0.9470106023550033,0.0
E,0.4,0,1146880,-0.9470106023550033,0.0
E,0.4,0,1163264,-0.9468657279014587,0.0
E,0.4,0,1179648,-0.9468657279014587,0.0
E,0.4,0,1196032,-0.9459827747941018,0.0
E,0.4,0,1212416,-0.9462272760272026,0.0
E,0.4,0,1228800,-0.9089858365058899,0.0
E,0.4,0,1245184,-0.9089858365058899,0.0
E,0.4,0,1261568,-0.9089858365058899,0.0
E,0.4,0,1277952,-0.9089858365058899,0.0
E,0.4,0,1294336,-0.9089777350425721,0.0
E,0.4,0,1310720,-0.9085163244605065,0.0
E,0.4,0,1327104,-0.9085163244605065,0.0
E,0.4,0,1343488,-0.9083559748530388,0.0
E,0.4,0,1359872,-0.9078386807441712,0.0
E,0.4,0,1376256,-0.9078386807441712,0.0
E,0.4,0,1392640,-0.8650532194972038,0.0
E,0.4,0,1409024,-0.8650532194972038,0.0
E,0.4,0,1425408,-0.8650532194972038,0.0
E,0.4,0,1441792,-0.8652170678973198,0.0
E,0.4,0,1458176,-0.8649299675226212,0.0
E,0.4,0,1474560,-0.8649299675226212,0.0
E,0.4,0,1490944,-0.8646408629417419,0.0
E,0.4,0,1507328,-0.864389565885067,0.0
E,0.4,0,1523712,-0.8642498508095742,0.0
E,0.4,0,1540096,-0.8195157068967819,0.0
E,0.4,0,1556480,-0.8195157068967819,0.0
E,0.4,0,1572864,-0.8195157068967819,0.0
E,0.4,0,1589248,-0.8196448588371277,0.0
E,0.4,0,1605632,-0.8196448588371277,0.0
E,0.4,0,1622016,-0.8193331706523895,0.0
E,0.4,0,1638400,-0.8193331706523895,0.0
E,0.4,0,1654784,-0.825569669008255,0.0
E,0.4,0,1671168,-0.8254576364159584,0.0
E,0.4,0,1687552,-0.8253015267848969,0.0
E,0.4,0,1703936,-0.7850314390659332,0.0
E,0.4,0,1720320,-0.7850314390659332,0.0
E,0.4,0,1736704,-0.7850314390659332,0.0
E,0.4,0,1753088,-0.7851512405276299,0.0
E,0.4,0,1769472,-0.7850784054398536,0.0
E,0.4,0,1785856,-0.7850784054398536,0.0
E,0.4,0,1802240,-0.783784881234169,0.0
E,0.4,0,1818624,-0.7875754538178444,0.0
E,0.4,0,1835008,-0.7969532552361488,0.0
E,0.4,0,1851392,-0.7549605941772461,0.0
E,0.4,0,1867776,-0.7549605941772461,0.0
E,0.4,0,1884160,-0.7549605941772461,0.0
E,0.4,0,1900544,-0.7549398964643479,0.0
E,0.4,0,1916928,-0.7546175646781922,0.0
E,0.4,0,1933312,-0.7546175646781922,0.0
E,0.4,0,1949696,-0.7541275981068611,0.0
E,0.4,0,1966080,-0.7538956665992737,0.0
E,0.4,0,1982464,-0.7532631453871727,0.0
E,0.4,0,1998848,-0.72409574508667,0.0
E,0.4,1,65536,-1.5385534763336182,0.0
E,0.4,1,81920,-1.5385534763336182,0.0
E,0.4,1,98304,-1.5385534763336182,0.0
E,0.4,1,114688,-1.714967429637909,0.0
E,0.4,1,131072,-1.714967429637909,0.0
E,0.4,1,147456,-1.714967429637909,0.0
E,0.4,1,163840,-1.3092023837566376,0.0
E,0.4,1,180224,-1.3092023837566376,0.0
E,0.4,1,196608,-1.3092023837566376,0.0
E,0.4,1,212992,-1.3092023837566376,0.0
E,0.4,1,229376,-1.3092625856399536,0.0
E,0.4,1,245760,-1.3092625856399536,0.0
E,0.4,1,262144,-1.3084501785039901,0.0
E,0.4,1,278528,-1.3084501785039901,0.0
E,0.4,1,294912,-1.3084501785039901,0.0
E,0.4,1,311296,-1.2333299857378006,0.0
E,0.4,1,327680,-1.2333299857378006,0.0
E,0.4,1,344064,-1.2333299857378006,0.0
E,0.4,1,360448,-1.2333299857378006,0.0
E,0.4,1,376832,-1.23447427213192,0.0
E,0.4,1,393216,-1.23447427213192,0.0
E,0.4,1,409600,-1.23447427213192,0.0
E,0.4,1,425984,-1.2338654106855393,0.0
E,0.4,1,442368,-1.2338654106855393,0.0
E,0.4,1,458752,-1.2338654106855393,0.0
E,0.4,1,475136,-1.1696228528022765,0.0
E,0.4,1,491520,-1.1696228528022765,0.0
E,0.4,1,507904,-1.1696228528022765,0.0
E,0.4,1,524288,-1.170147716999054,0.0
E,0.4,1,540672,-1.170147716999054,0.0
E,0.4,1,557056,-1.170147716999054,0.0
E,0.4,1,573440,-1.1700888484716416,0.0
E,0.4,1,589824,-1.1700888484716416,0.0
E,0.4,1,606208,-1.1700888484716416,0.0
E,0.4,1,622592,-1.1078500294685363,0.0
E,0.4,1,638976,-1.1078500294685363,0.0
E,0.4,1,655360,-1.1078500294685363,0.0
E,0.4,1,671744,-1.1077321076393127,0.0
E,0.4,1,688128,-1.1077828454971312,0.0
E,0.4,1,704512,-1.1077828454971312,0.0
E,0.4,1,720896,-1.1075147104263305,0.0
E,0.4,1,737280,-1.1106669974327088,0.0
E,0.4,1,753664,-1.1106669974327088,0.0
E,0.4,1,770048,-1.046944670677185,0.0
E,0.4,1,786432,-1.046944670677185,0.0
E,0.4,1,802816,-1.046944670677185,0.0
E,0.4,1,819200,-1.046944670677185,0.0
E,0.4,1,835584,-1.0467945060133934,0.0
E,0.4,1,851968,-1.0467945060133934,0.0
E,0.4,1,868352,-1.0467945060133934,0.0
E,0.4,1,884736,-1.0462686637043952,0.0
E,0.4,1,901120,-1.0462686637043952,0.0
E,0.4,1,917504,-1.0462686637043952,0.0
E,0.4,1,933888,-0.9970124983787536,0.0
E,0.4,1,950272,-0.9970124983787536,0.0
E,0.4,1,966656,-0.9970124983787536,0.0
E,0.4,1,983040,-0.9968231344223022,0.0
E,0.4,1,999424,-0.9968231344223022,0.0
E,0.4,1,1015808,-0.9968231344223022,0.0
E,0.4,1,1032192,-0.9964770406484604,0.0
E,0.4,1,1048576,-0.9964770406484604,0.0
E,0.4,1,1064960,-0.9964770406484604,0.0
E,0.4,1,1081344,-0.9480934754014015,0.0
E,0.4,1,1097728,-0.9480934754014015,0.0
E,0.4,1,1114112,-0.9480934754014015,0.0
E,0.4,1,1130496,-0.9480304124951363,0.0
E,0.4,1,1146880,-0.9478211241960526,0.0
E,0.4,1,1163264,-0.9478211241960526,0.0
E,0.4,1,1179648,-0.947644445002079,0.0
E,0.4,1,1196032,-0.9474930182099343,0.0
E,0.4,1,1212416,-0.9474930182099343,0.0
E,0.4,1,1228800,-0.9018421280384064,0.0
E,0.4,1,1245184,-0.9018421280384064,0.0
E,0.4,1,1261568,-0.9018421280384064,0.0
E,0.4,1,1277952,-0.9018421280384064,0.0
E,0.4,1,1294336,-0.9018596988916397,0.0
E,0.4,1,1310720,-0.9018596988916397,0.0
E,0.4,1,1327104,-0.9018596988916397,0.0
E,0.4,1,1343488,-0.9056073305010796,0.0
E,0.4,1,1359872,-0.9092528015375138,0.0
E,0.4,1,1376256,-0.9134676045179367,0.0
E,0.4,1,1392640,-0.8591884621977806,0.0
E,0.4,1,1409024,-0.8591884621977806,0.0
E,0.4,1,1425408,-0.8591884621977806,0.0
E,0.4,1,1441792,-0.8591753616929054,0.0
E,0.4,1,1458176,-0.8617594942450524,0.0
E,0.4,1,1474560,-0.8617594942450524,0.0
E,0.4,1,1490944,-0.8617404398322105,0.0
E,0.4,1,1507328,-0.8614772114157677,0.0
E,0.4,1,1523712,-0.8613741984963417,0.0
E,0.4,1,1540096,-0.8283151119947434,0.0
E,0.4,1,1556480,-0.8283151119947434,0.0
E,0.4,1,1572864,-0.8283151119947434,0.0
E,0.4,1,1589248,-0.8283151119947434,0.0
E,0.4,1,1605632,-0.8281218451261521,0.0
E,0.4,1,1622016,-0.8281420761346817,0.0
E,0.4,1,1638400,-0.8281420761346817,0.0
E,0.4,1,1654784,-0.8275449565052986,0.0
E,0.4,1,1671168,-0.8273524978756904,0.0
E,0.4,1,1687552,-0.8270762303471565,0.0
E,0.4,1,1703936,-0.7935187980532646,0.0
E,0.4,1,1720320,-0.7935187980532646,0.0
E,0.4,1,1736704,-0.7935187980532646,0.0
E,0.4,1,1753088,-0.7936938697099686,0.0
E,0.4,1,1769472,-0.7966637519001961,0.0
E,0.4,1,1785856,-0.7966637519001961,0.0
E,0.4,1,1802240,-0.7997085592150688,0.0
E,0.4,1,1818624,-0.7994912484288216,0.0
E,0.4,1,1835008,-0.7993569430708886,0.0
E,0.4,1,1851392,-0.759471383690834,0.0
E,0.4,1,1867776,-0.759471383690834,0.0
E,0.4,1,1884160,-0.759471383690834,0.0
E,0.4,1,1900544,-0.7591757693886757,0.0
E,0.4,1,1916928,-0.759102224111557,0.0
E,0.4,1,1933312,-0.7590527987480163,0.0
E,0.4,1,1949696,-0.7591928267478942,0.0
E,0.4,1,1966080,-0.7593860048055648,0.0
E,0.4,1,1982464,-0.7636860954761505,0.0
E,0.4,1,1998848,-0.7290991270542144,0.0
E,0.4,2,163840,-1.3150215637683869,0.0
E,0.4,2,180224,-1.3150215637683869,0.0
E,0.4,2,196608,-1.3150215637683869,0.0
E,0.4,2,212992,-1.3150215637683869,0.0
E,0.4,2,229376,-1.3150215637683869,0.0
E,0.4,2,245760,-1.3150215637683869,0.0
E,0.4,2,262144,-1.3173016482591628,0.0
E,0.4,2,278528,-1.3173016482591628,0.0
E,0.4,2,294912,-1.3173016482591628,0.0
E,0.4,2,311296,-1.2400772112607956,0.0
E,0.4,2,327680,-1.2400772112607956,0.0
E,0.4,2,344064,-1.2400772112607956,0.0
E,0.4,2,360448,-1.2400772112607956,0.0
E,0.4,2,376832,-1.2400772112607956,0.0
E,0.4,2,393216,-1.2400772112607956,0.0
E,0.4,2,409600,-1.239741045832634,0.0
E,0.4,2,425984,-1.239741045832634,0.0
E,0.4,2,442368,-1.239741045832634,0.0
E,0.4,2,458752,-1.239741045832634,0.0
E,0.4,2,475136,-1.1677030396461487,0.0
E,0.4,2,491520,-1.1677030396461487,0.0
E,0.4,2,507904,-1.1677030396461487,0.0
E,0.4,2,524288,-1.1677030396461487,0.0
E,0.4,2,540672,-1.1677030396461487,0.0
E,0.4,2,557056,-1.1677030396461487,0.0
E,0.4,2,573440,-1.1672923696041106,0.0
E,0.4,2,589824,-1.1672923696041106,0.0
E,0.4,2,606208,-1.1672923696041106,0.0
E,0.4,2,622592,-1.1085666051506997,0.0
E,0.4,2,638976,-1.1085666051506997,0.0
E,0.4,2,655360,-1.1085666051506997,0.0
E,0.4,2,671744,-1.1085666051506997,0.0
E,0.4,2,688128,-1.1085666051506997,0.0
E,0.4,2,704512,-1.1085666051506997,0.0
E,0.4,2,720896,-1.1081303629279136,0.0
E,0.4,2,737280,-1.1081303629279136,0.0
E,0.4,2,753664,-1.1081303629279136,0.0
E,0.4,2,770048,-1.0545923858880997,0.0
E,0.4,2,786432,-1.0545923858880997,0.0
E,0.4,2,802816,-1.0545923858880997,0.0
E,0.4,2,819200,-1.0545923858880997,0.0
E,0.4,2,835584,-1.0563546568155289,0.0
E,0.4,2,851968,-1.0563546568155289,0.0
E,0.4,2,868352,-1.0559590280056,0.0
E,0.4,2,884736,-1.0559590280056,0.0
E,0.4,2,901120,-1.0559590280056,0.0
E,0.4,2,917504,-1.0559590280056,0.0
E,0.4,2,933888,-1.00016642421484,0.0
E,0.4,2,950272,-1.00016642421484,0.0
E,0.4,2,966656,-1.00016642421484,0.0
E,0.4,2,983040,-1.000091710984707,0.0
E,0.4,2,999424,-1.000091710984707,0.0
E,0.4,2,1015808,-1.000091710984707,0.0
E,0.4,2,1032192,-0.9999531039595604,0.0
E,0.4,2,1048576,-0.9999531039595604,0.0
E,0.4,2,1064960,-1.0040838995575905,0.0
E,0.4,2,1081344,-0.9514841547608376,0.0
E,0.4,2,1097728,-0.9514841547608376,0.0
E,0.4,2,1114112,-0.9514841547608376,0.0
E,0.4,2,1130496,-0.9514841547608376,0.0
E,0.4,2,1146880,-0.9511649045348167,0.0
E,0.4,2,1163264,-0.9511649045348167,0.0
E,0.4,2,1179648,-0.9543220207095147,0.0
E,0.4,2,1196032,-0.9543220207095147,0.0
E,0.4,2,1212416,-0.9542020982503892,0.0
E,0.4,2,1228800,-0.90851781219244,0.0
E,0.4,2,1245184,-0.90851781219244,0.0
E,0.4,2,1261568,-0.90851781219244,0.0
E,0.4,2,1277952,-0.90851781219244,0.0
E,0.4,2,1294336,-0.9082721489667892,0.0
E,0.4,2,1310720,-0.9082721489667892,0.0
E,0.4,2,1327104,-0.9079676789045333,0.0
E,0.4,2,1343488,-0.9079488515853882,0.0
E,0.4,2,1359872,-0.9079488515853882,0.0
E,0.4,2,1376256,-0.9074382886290551,0.0
E,0.4,2,1392640,-0.8683135744929313,0.0
E,0.4,2,1409024,-0.8683135744929313,0.0
E,0.4,2,1425408,-0.8683135744929313,0.0
E,0.4,2,1441792,-0.8683135744929313,0.0
E,0.4,2,1458176,-0.8684953334927559,0.0
E,0.4,2,1474560,-0.8684953334927559,0.0
E,0.4,2,1490944,-0.8683608341217041,0.0
E,0.4,2,1507328,-0.8683608341217041,0.0
E,0.4,2,1523712,-0.8723841175436974,0.0
E,0.4,2,1540096,-0.8264422088861465,0.0
E,0.4,2,1556480,-0.8264422088861465,0.0
E,0.4,2,1572864,-0.8264422088861465,0.0
E,0.4,2,1589248,-0.8264422088861465,0.0
E,0.4,2,1605632,-0.8264407235383987,0.0
E,0.4,2,1622016,-0.8264407235383987,0.0
E,0.4,2,1638400,-0.8260245165228843,0.0
E,0.4,2,1654784,-0.8301058742403984,0.0
E,0.4,2,1671168,-0.8298985370993615,0.0
E,0.4,2,1687552,-0.8297384706139564,0.0
E,0.4,2,1703936,-0.7925027543306351,0.0
E,0.4,2,1720320,-0.7925027543306351,0.0
E,0.4,2,1736704,-0.7925027543306351,0.0
E,0.4,2,1753088,-0.7923086246848107,0.0
E,0.4,2,1769472,-0.7923086246848107,0.0
E,0.4,2,1785856,-0.7923086246848107,0.0
E,0.4,2,1802240,-0.7922660598158836,0.0
E,0.4,2,1818624,-0.7920380708575249,0.0
E,0.4,2,1835008,-0.7916085717082023,0.0
E,0.4,2,1851392,-0.7590091320872306,0.0
E,0.4,2,1867776,-0.7590091320872306,0.0
E,0.4,2,1884160,-0.7590091320872306,0.0
E,0.4,2,1900544,-0.7590091320872306,0.0
E,0.4,2,1916928,-0.7589411365985871,0.0
E,0.4,2,1933312,-0.7589411365985871,0.0
E,0.4,2,1949696,-0.7587789323925972,0.0
E,0.4,2,1966080,-0.7623663485050202,0.0
E,0.4,2,1982464,-0.7620539933443069,0.0
E,0.4,2,1998848,-0.7259273362159729,0.0
E,0.4,3,163840,-1.3062410235404969,0.0
E,0.4,3,180224,-1.3062410235404969,0.0
E,0.4,3,196608,-1.3062410235404969,0.0
E,0.4,3,212992,-1.3062410235404969,0.0
E,0.4,3,229376,-1.3062410235404969,0.0
E,0.4,3,245760,-1.3062410235404969,0.0
E,0.4,3,262144,-1.3080554795265198,0.0
E,0.4,3,278528,-1.3113526976108552,0.0
E,0.4,3,294912,-1.3113526976108552,0.0
E,0.4,3,311296,-1.2394723671674728,0.0
E,0.4,3,327680,-1.2394723671674728,0.0
E,0.4,3,344064,-1.2394723671674728,0.0
E,0.4,3,360448,-1.2394723671674728,0.0
E,0.4,3,376832,-1.2394723671674728,0.0
E,0.4,3,393216,-1.2394723671674728,0.0
E,0.4,3,409600,-1.2398531359434128,0.0
E,0.4,3,425984,-1.2390390419960022,0.0
E,0.4,3,442368,-1.2390390419960022,0.0
E,0.4,3,458752,-1.2390390419960022,0.0
E,0.4,3,475136,-1.1677347153425217,0.0
E,0.4,3,491520,-1.1677347153425217,0.0
E,0.4,3,507904,-1.1677347153425217,0.0
E,0.4,3,524288,-1.1677347153425217,0.0
E,0.4,3,540672,-1.1677347153425217,0.0
E,0.4,3,557056,-1.1676781755685806,0.0
E,0.4,3,573440,-1.1676781755685806,0.0
E,0.4,3,589824,-1.1676052045822143,0.0
E,0.4,3,606208,-1.1676052045822143,0.0
E,0.4,3,622592,-1.1084263271093369,0.0
E,0.4,3,638976,-1.1084263271093369,0.0
E,0.4,3,655360,-1.1084263271093369,0.0
E,0.4,3,671744,-1.1084263271093369,0.0
E,0.4,3,688128,-1.1084263271093369,0.0
E,0.4,3,704512,-1.1084263271093369,0.0
E,0.4,3,720896,-1.1082194459438324,0.0
E,0.4,3,737280,-1.1080902630090714,0.0
E,0.4,3,753664,-1.1080902630090714,0.0
E,0.4,3,770048,-1.0581294375658035,0.0
E,0.4,3,786432,-1.0581294375658035,0.0
E,0.4,3,802816,-1.0581294375658035,0.0
E,0.4,3,819200,-1.0581294375658035,0.0
E,0.4,3,835584,-1.0581294375658035,0.0
E,0.4,3,851968,-1.0581294375658035,0.0
E,0.4,3,868352,-1.0583596104383468,0.0
E,0.4,3,884736,-1.0615445092320441,0.0
E,0.4,3,901120,-1.0615445092320441,0.0
E,0.4,3,917504,-1.0615445092320441,0.0
E,0.4,3,933888,-0.9971923327445984,0.0
E,0.4,3,950272,-0.9971923327445984,0.0
E,0.4,3,966656,-0.9971923327445984,0.0
E,0.4,3,983040,-0.9971923327445984,0.0
E,0.4,3,999424,-0.9971923327445984,0.0
E,0.4,3,1015808,-0.9967577913403511,0.0
E,0.4,3,1032192,-0.9997767540812492,0.0
E,0.4,3,1048576,-1.0031995603442192,0.0
E,0.4,3,1064960,-1.0031995603442192,0.0
E,0.4,3,1081344,-0.958828184902668,0.0
E,0.4,3,1097728,-0.958828184902668,0.0
E,0.4,3,1114112,-0.958828184902668,0.0
E,0.4,3,1130496,-0.958828184902668,0.0
E,0.4,3,1146880,-0.958828184902668,0.0
E,0.4,3,1163264,-0.958828184902668,0.0
E,0.4,3,1179648,-0.9573432421684265,0.0
E,0.4,3,1196032,-0.9570343825221062,0.0
E,0.4,3,1212416,-0.9569082918763161,0.0
E,0.4,3,1228800,-0.9155415430665016,0.0
E,0.4,3,1245184,-0.9155415430665016,0.0
E,0.4,3,1261568,-0.9155415430665016,0.0
E,0.4,3,1277952,-0.9155415430665016,0.0
E,0.4,3,1294336,-0.9155415430665016,0.0
E,0.4,3,1310720,-0.9155415430665016,0.0
E,0.4,3,1327104,-0.9154887634515763,0.0
E,0.4,3,1343488,-0.9149043729901314,0.0
E,0.4,3,1359872,-0.9145279148221016,0.0
E,0.4,3,1376256,-0.9145279148221016,0.0
E,0.4,3,1392640,-0.8694599983096123,0.0
E,0.4,3,1409024,-0.8694599983096123,0.0
E,0.4,3,1425408,-0.8694599983096123,0.0
E,0.4,3,1441792,-0.8694599983096123,0.0
E,0.4,3,1458176,-0.8694599983096123,0.0
E,0.4,3,1474560,-0.8694599983096123,0.0
E,0.4,3,1490944,-0.8690820097923279,0.0
E,0.4,3,1507328,-0.8690007990598678,0.0
E,0.4,3,1523712,-0.8690007990598678,0.0
E,0.4,3,1540096,-0.8316997438669205,0.0
E,0.4,3,1556480,-0.8316997438669205,0.0
E,0.4,3,1572864,-0.8316997438669205,0.0
E,0.4,3,1589248,-0.8316997438669205,0.0
E,0.4,3,1605632,-0.8316997438669205,0.0
E,0.4,3,1622016,-0.8316997438669205,0.0
E,0.4,3,1638400,-0.8313272079825401,0.0
E,0.4,3,1654784,-0.8308268475532532,0.0
E,0.4,3,1671168,-0.8307033333182335,0.0
E,0.4,3,1687552,-0.8307033333182335,0.0
E,0.4,3,1703936,-0.7953134644031524,0.0
E,0.4,3,1720320,-0.7953134644031524,0.0
E,0.4,3,1736704,-0.7953134644031524,0.0
E,0.4,3,1753088,-0.7953134644031524,0.0
E,0.4,3,1769472,-0.7953134644031524,0.0
E,0.4,3,1785856,-0.7952490964531899,0.0
E,0.4,3,1802240,-0.7945903697609902,0.0
E,0.4,3,1818624,-0.7944997549057007,0.0
E,0.4,3,1835008,-0.7989523541927338,0.0
E,0.4,3,1851392,-0.7587863180041313,0.0
E,0.4,3,1867776,-0.7587863180041313,0.0
E,0.4,3,1884160,-0.7587863180041313,0.0
E,0.4,3,1900544,-0.7587863180041313,0.0
E,0.4,3,1916928,-0.7587863180041313,0.0
E,0.4,3,1933312,-0.761921969652176,0.0
E,0.4,3,1949696,-0.7615051952004432,0.0
E,0.4,3,1966080,-0.7611516717076302,0.0
E,0.4,3,1982464,-0.7611516717076302,0.0
E,0.4,3,1998848,-0.7274025446176529,0.0
E,0.4,4,163840,-1.3108758050203324,0.0
E,0.4,4,180224,-1.3108758050203324,0.0
E,0.4,4,196608,-1.3108758050203324,0.0
E,0.4,4,212992,-1.3108758050203324,0.0
E,0.4,4,229376,-1.3108758050203324,0.0
E,0.4,4,245760,-1.3108758050203324,0.0
E,0.4,4,262144,-1.3108758050203324,0.0
E,0.4,4,278528,-1.3108758050203324,0.0
E,0.4,4,294912,-1.3108758050203324,0.0
E,0.4,4,311296,-1.2404202711582184,0.0
E,0.4,4,327680,-1.2404202711582184,0.0
E,0.4,4,344064,-1.2404202711582184,0.0
E,0.4,4,360448,-1.2404202711582184,0.0
E,0.4,4,376832,-1.2404202711582184,0.0
E,0.4,4,393216,-1.2404202711582184,0.0
E,0.4,4,409600,-1.2404202711582184,0.0
E,0.4,4,425984,-1.2404202711582184,0.0
E,0.4,4,442368,-1.2404202711582184,0.0
E,0.4,4,458752,-1.2404202711582184,0.0
E,0.4,4,475136,-1.1722319543361663,0.0
E,0.4,4,491520,-1.1722319543361663,0.0
E,0.4,4,507904,-1.1722319543361663,0.0
E,0.4,4,524288,-1.1722319543361663,0.0
E,0.4,4,540672,-1.1722319543361663,0.0
E,0.4,4,557056,-1.1722319543361663,0.0
E,0.4,4,573440,-1.1722319543361663,0.0
E,0.4,4,589824,-1.1722319543361663,0.0
E,0.4,4,606208,-1.1722319543361663,0.0
E,0.4,4,622592,-1.1101571586728096,0.0
E,0.4,4,638976,-1.1101571586728096,0.0
E,0.4,4,655360,-1.1101571586728096,0.0
E,0.4,4,671744,-1.1101571586728096,0.0
E,0.4,4,688128,-1.1101571586728096,0.0
E,0.4,4,704512,-1.1101571586728096,0.0
E,0.4,4,720896,-1.1101571586728096,0.0
E,0.4,4,737280,-1.1101571586728096,0.0
E,0.4,4,753664,-1.1101571586728096,0.0
E,0.4,4,770048,-1.0565314900875091,0.0
E,0.4,4,786432,-1.0565314900875091,0.0
E,0.4,4,802816,-1.0565314900875091,0.0
E,0.4,4,819200,-1.0565314900875091,0.0
E,0.4,4,835584,-1.0582606893777848,0.0
E,0.4,4,851968,-1.0582606893777848,0.0
E,0.4,4,868352,-1.0582606893777848,0.0
E,0.4,4,884736,-1.0619696617126464,0.0
E,0.4,4,901120,-1.0619696617126464,0.0
E,0.4,4,917504,-1.0619696617126464,0.0
E,0.4,4,933888,-1.009496133029461,0.0
E,0.4,4,950272,-1.009496133029461,0.0
E,0.4,4,966656,-1.009496133029461,0.0
E,0.4,4,983040,-1.009496133029461,0.0
E,0.4,4,999424,-1.0092690920829772,0.0
E,0.4,4,1015808,-1.0092690920829772,0.0
E,0.4,4,1032192,-1.009055557847023,0.0
E,0.4,4,1048576,-1.0125266128778458,0.0
E,0.4,4,1064960,-1.0125266128778458,0.0
E,0.4,4,1081344,-0.9676263734698296,0.0
E,0.4,4,1097728,-0.9676263734698296,0.0
E,0.4,4,1114112,-0.9676263734698296,0.0
E,0.4,4,1130496,-0.9676263734698296,0.0
E,0.4,4,1146880,-0.9676306653022766,0.0
E,0.4,4,1163264,-0.9676306653022766,0.0
E,0.4,4,1179648,-0.9676306653022766,0.0
E,0.4,4,1196032,-0.9669022604823112,0.0
E,0.4,4,1212416,-0.9669022604823112,0.0
E,0.4,4,1228800,-0.9184065017104149,0.0
E,0.4,4,1245184,-0.9184065017104149,0.0
E,0.4,4,1261568,-0.9184065017104149,0.0
E,0.4,4,1277952,-0.9184065017104149,0.0
E,0.4,4,1294336,-0.9205784448981285,0.0
E,0.4,4,1310720,-0.9205784448981285,0.0
E,0.4,4,1327104,-0.9205784448981285,0.0
E,0.4,4,1343488,-0.9199349910020829,0.0
E,0.4,4,1359872,-0.9199349910020829,0.0
E,0.4,4,1376256,-0.9199349910020829,0.0
E,0.4,4,1392640,-0.8750833544135094,0.0
E,0.4,4,1409024,-0.8750833544135094,0.0
E,0.4,4,1425408,-0.8750833544135094,0.0
E,0.4,4,1441792,-0.8750833544135094,0.0
E,0.4,4,1458176,-0.8745064902305603,0.0
E,0.4,4,1474560,-0.8745064902305603,0.0
E,0.4,4,1490944,-0.874368115067482,0.0
E,0.4,4,1507328,-0.87380639731884,0.0
E,0.4,4,1523712,-0.87380639731884,0.0
E,0.4,4,1540096,-0.8360751593112945,0.0
E,0.4,4,1556480,-0.8360751593112945,0.0
E,0.4,4,1572864,-0.8360751593112945,0.0
E,0.4,4,1589248,-0.8360751593112945,0.0
E,0.4,4,1605632,-0.835562756061554,0.0
E,0.4,4,1622016,-0.835562756061554,0.0
E,0.4,4,1638400,-0.835562756061554,0.0
E,0.4,4,1654784,-0.8352768212556839,0.0
E,0.4,4,1671168,-0.8352768212556839,0.0
E,0.4,4,1687552,-0.8350076586008072,0.0
E,0.4,4,1703936,-0.7962801405787467,0.0
E,0.4,4,1720320,-0.7962801405787467,0.0
E,0.4,4,1736704,-0.7962801405787467,0.0
E,0.4,4,1753088,-0.7961401453614235,0.0
E,0.4,4,1769472,-0.7961401453614235,0.0
E,0.4,4,1785856,-0.7961401453614235,0.0
E,0.4,4,1802240,-0.7959591710567474,0.0
E,0.4,4,1818624,-0.7997662016749382,0.0
E,0.4,4,1835008,-0.7997662016749382,0.0
E,0.4,4,1851392,-0.7627575865387917,0.0
E,0.4,4,1867776,-0.7627575865387917,0.0
E,0.4,4,1884160,-0.7627575865387917,0.0
E,0.4,4,1900544,-0.7627575865387917,0.0
E,0.4,4,1916928,-0.7628731909394264,0.0
E,0.4,4,1933312,-0.7628731909394264,0.0
E,0.4,4,1949696,-0.762667436003685,0.0
E,0.4,4,1966080,-0.7625187864899635,0.0
E,0.4,4,1982464,-0.7622808372974396,0.0
E,0.4,4,1998848,-0.7301566690206528,0.0
